id,plant,disease,symptoms,cause,treatment,prevention,affected_part,severity,favorable_conditions
1,Grape,Black Rot,"Affected fruit or leaves show discoloration, spots, and reduced quality.","The condition may be caused by a fungal, bacterial, or viral pathogen.",Separate infected material and use disease-specific management recommended for the crop.,Start with healthy planting material and maintain field hygiene.,Fruit,High,Cool and wet
2,Mango,Anthracnose,"Dark sunken spots develop on leaves, stems, or fruit and may enlarge over time.",Fungal infection commonly spreads in warm and wet conditions.,Remove infected material and use an appropriate fungicide.,Use clean planting material and reduce moisture on plant surfaces.,Leaf and Fruit,Low,Poor airflow
3,Potato,Early Blight,Dark brown circular lesions with concentric rings appear on older leaves.,"Fungal infection favored by warm, humid conditions.",Remove affected leaves and apply an appropriate fungicide.,"Maintain plant spacing, avoid overhead irrigation, and remove crop debris.",Fruit,Low,Cool and wet
4,Watermelon,Powdery Mildew,"White powdery growth develops on leaves, shoots, or fruit surfaces.",Fungal growth is favored by humid conditions and poor airflow.,Remove heavily affected tissue and apply a suitable fungicide.,"Provide good spacing, airflow, and balanced irrigation.",Leaf and Fruit,Low,Cool and wet
5,Rice,Brown Spot,"Yellowing leaves, small spots, and gradual leaf decline are observed.",The disease is associated with a plant pathogen and favorable environmental conditions.,Remove affected material and follow locally recommended disease-control practices.,"Use sanitation, proper spacing, clean planting material, and regular monitoring.",Leaf and Fruit,Severe,High humidity
6,Tomato,Late Blight,Water-soaked dark lesions spread quickly across leaves and stems.,A fungal-like pathogen spreads rapidly under cool and wet conditions.,Remove severely infected tissue and use a recommended fungicide.,Improve airflow and avoid prolonged leaf wetness.,Stem,Severe,High humidity
7,Mango,Powdery Mildew,"White powdery growth develops on leaves, shoots, or fruit surfaces.",Fungal growth is favored by humid conditions and poor airflow.,Remove heavily affected tissue and apply a suitable fungicide.,"Provide good spacing, airflow, and balanced irrigation.",Leaf,High,Warm and humid
8,Pomegranate,Bacterial Blight,Brown or dark lesions appear on leaves and may spread to nearby tissue.,Infection can develop when moisture and temperature conditions favor the pathogen.,Prune infected parts where appropriate and apply a suitable registered treatment.,"Improve ventilation, avoid unnecessary leaf wetness, and remove fallen debris.",Leaf and Fruit,High,High humidity
9,Potato,Blackleg,"Affected fruit or leaves show discoloration, spots, and reduced quality.","The condition may be caused by a fungal, bacterial, or viral pathogen.",Separate infected material and use disease-specific management recommended for the crop.,Start with healthy planting material and maintain field hygiene.,Root,Low,Warm and humid
10,Rice,Sheath Blight,"Affected fruit or leaves show discoloration, spots, and reduced quality.","The condition may be caused by a fungal, bacterial, or viral pathogen.",Separate infected material and use disease-specific management recommended for the crop.,Start with healthy planting material and maintain field hygiene.,Leaf and Fruit,High,Cool and wet
11,Apple,Apple Scab,"Affected fruit or leaves show discoloration, spots, and reduced quality.","The condition may be caused by a fungal, bacterial, or viral pathogen.",Separate infected material and use disease-specific management recommended for the crop.,Start with healthy planting material and maintain field hygiene.,Stem,Moderate,Warm and humid
12,Orange,Citrus Canker,Brown or dark lesions appear on leaves and may spread to nearby tissue.,Infection can develop when moisture and temperature conditions favor the pathogen.,Prune infected parts where appropriate and apply a suitable registered treatment.,"Improve ventilation, avoid unnecessary leaf wetness, and remove fallen debris.",Root,High,High humidity
13,Peach,Bacterial Spot,Brown or dark lesions appear on leaves and may spread to nearby tissue.,Infection can develop when moisture and temperature conditions favor the pathogen.,Prune infected parts where appropriate and apply a suitable registered treatment.,"Improve ventilation, avoid unnecessary leaf wetness, and remove fallen debris.",Stem,Moderate,Warm and humid
14,Maize,Common Rust,"Affected fruit or leaves show discoloration, spots, and reduced quality.","The condition may be caused by a fungal, bacterial, or viral pathogen.",Separate infected material and use disease-specific management recommended for the crop.,Start with healthy planting material and maintain field hygiene.,Fruit,Moderate,Poor airflow
15,Pomegranate,Leaf Spot,"Affected fruit or leaves show discoloration, spots, and reduced quality.","The condition may be caused by a fungal, bacterial, or viral pathogen.",Separate infected material and use disease-specific management recommended for the crop.,Start with healthy planting material and maintain field hygiene.,Stem,Moderate,Warm and humid
16,Orange,Citrus Canker,Brown or dark lesions appear on leaves and may spread to nearby tissue.,Infection can develop when moisture and temperature conditions favor the pathogen.,Prune infected parts where appropriate and apply a suitable registered treatment.,"Improve ventilation, avoid unnecessary leaf wetness, and remove fallen debris.",Stem,Severe,Warm and humid
17,Strawberry,Anthracnose,"Dark sunken spots develop on leaves, stems, or fruit and may enlarge over time.",Fungal infection commonly spreads in warm and wet conditions.,Remove infected material and use an appropriate fungicide.,Use clean planting material and reduce moisture on plant surfaces.,Fruit,High,Poor airflow
18,Pomegranate,Anthracnose,"Dark sunken spots develop on leaves, stems, or fruit and may enlarge over time.",Fungal infection commonly spreads in warm and wet conditions.,Remove infected material and use an appropriate fungicide.,Use clean planting material and reduce moisture on plant surfaces.,Stem,Moderate,Cool and wet
19,Orange,Sooty Mold,"Affected fruit or leaves show discoloration, spots, and reduced quality.","The condition may be caused by a fungal, bacterial, or viral pathogen.",Separate infected material and use disease-specific management recommended for the crop.,Start with healthy planting material and maintain field hygiene.,Leaf and Fruit,High,Poor airflow
20,Wheat,Powdery Mildew,"White powdery growth develops on leaves, shoots, or fruit surfaces.",Fungal growth is favored by humid conditions and poor airflow.,Remove heavily affected tissue and apply a suitable fungicide.,"Provide good spacing, airflow, and balanced irrigation.",Fruit,High,Cool and wet
21,Watermelon,Fusarium Wilt,"Yellowing leaves, small spots, and gradual leaf decline are observed.",The disease is associated with a plant pathogen and favorable environmental conditions.,Remove affected material and follow locally recommended disease-control practices.,"Use sanitation, proper spacing, clean planting material, and regular monitoring.",Leaf,Low,Cool and wet
22,Peach,Powdery Mildew,"White powdery growth develops on leaves, shoots, or fruit surfaces.",Fungal growth is favored by humid conditions and poor airflow.,Remove heavily affected tissue and apply a suitable fungicide.,"Provide good spacing, airflow, and balanced irrigation.",Root,Low,Poor airflow
23,Maize,Downy Mildew,"Affected fruit or leaves show discoloration, spots, and reduced quality.","The condition may be caused by a fungal, bacterial, or viral pathogen.",Separate infected material and use disease-specific management recommended for the crop.,Start with healthy planting material and maintain field hygiene.,Leaf and Fruit,High,Warm and humid
24,Grape,Botrytis Bunch Rot,Brown or dark lesions appear on leaves and may spread to nearby tissue.,Infection can develop when moisture and temperature conditions favor the pathogen.,Prune infected parts where appropriate and apply a suitable registered treatment.,"Improve ventilation, avoid unnecessary leaf wetness, and remove fallen debris.",Leaf,High,High humidity
25,Chilli,Bacterial Leaf Spot,Brown or dark lesions appear on leaves and may spread to nearby tissue.,Infection can develop when moisture and temperature conditions favor the pathogen.,Prune infected parts where appropriate and apply a suitable registered treatment.,"Improve ventilation, avoid unnecessary leaf wetness, and remove fallen debris.",Stem,Low,Excess moisture
26,Peach,Crown Gall,"Yellowing leaves, small spots, and gradual leaf decline are observed.",The disease is associated with a plant pathogen and favorable environmental conditions.,Remove affected material and follow locally recommended disease-control practices.,"Use sanitation, proper spacing, clean planting material, and regular monitoring.",Leaf and Fruit,High,Excess moisture
27,Strawberry,Powdery Mildew,"White powdery growth develops on leaves, shoots, or fruit surfaces.",Fungal growth is favored by humid conditions and poor airflow.,Remove heavily affected tissue and apply a suitable fungicide.,"Provide good spacing, airflow, and balanced irrigation.",Fruit,High,Excess moisture
28,Watermelon,Anthracnose,"Dark sunken spots develop on leaves, stems, or fruit and may enlarge over time.",Fungal infection commonly spreads in warm and wet conditions.,Remove infected material and use an appropriate fungicide.,Use clean planting material and reduce moisture on plant surfaces.,Root,High,Warm and humid
29,Grape,Powdery Mildew,"White powdery growth develops on leaves, shoots, or fruit surfaces.",Fungal growth is favored by humid conditions and poor airflow.,Remove heavily affected tissue and apply a suitable fungicide.,"Provide good spacing, airflow, and balanced irrigation.",Fruit,High,Warm and humid
30,Orange,Sooty Mold,"Yellowing leaves, small spots, and gradual leaf decline are observed.",The disease is associated with a plant pathogen and favorable environmental conditions.,Remove affected material and follow locally recommended disease-control practices.,"Use sanitation, proper spacing, clean planting material, and regular monitoring.",Root,Low,Warm and humid
31,Rice,Bacterial Leaf Blight,"Yellowing leaves, small spots, and gradual leaf decline are observed.",The disease is associated with a plant pathogen and favorable environmental conditions.,Remove affected material and follow locally recommended disease-control practices.,"Use sanitation, proper spacing, clean planting material, and regular monitoring.",Leaf and Fruit,Severe,Cool and wet
32,Lemon,Root Rot,"Affected fruit or leaves show discoloration, spots, and reduced quality.","The condition may be caused by a fungal, bacterial, or viral pathogen.",Separate infected material and use disease-specific management recommended for the crop.,Start with healthy planting material and maintain field hygiene.,Fruit,Severe,Excess moisture
33,Strawberry,Leaf Scorch,Brown or dark lesions appear on leaves and may spread to nearby tissue.,Infection can develop when moisture and temperature conditions favor the pathogen.,Prune infected parts where appropriate and apply a suitable registered treatment.,"Improve ventilation, avoid unnecessary leaf wetness, and remove fallen debris.",Root,High,Excess moisture
34,Bell Pepper,Bacterial Spot,"Yellowing leaves, small spots, and gradual leaf decline are observed.",The disease is associated with a plant pathogen and favorable environmental conditions.,Remove affected material and follow locally recommended disease-control practices.,"Use sanitation, proper spacing, clean planting material, and regular monitoring.",Leaf,Moderate,High humidity
35,Tomato,Septoria Leaf Spot,"Affected fruit or leaves show discoloration, spots, and reduced quality.","The condition may be caused by a fungal, bacterial, or viral pathogen.",Separate infected material and use disease-specific management recommended for the crop.,Start with healthy planting material and maintain field hygiene.,Leaf and Fruit,Moderate,Cool and wet
36,Tomato,Early Blight,Dark brown circular lesions with concentric rings appear on older leaves.,"Fungal infection favored by warm, humid conditions.",Remove affected leaves and apply an appropriate fungicide.,"Maintain plant spacing, avoid overhead irrigation, and remove crop debris.",Fruit,Low,Warm and humid
37,Potato,Bacterial Wilt,"Yellowing leaves, small spots, and gradual leaf decline are observed.",The disease is associated with a plant pathogen and favorable environmental conditions.,Remove affected material and follow locally recommended disease-control practices.,"Use sanitation, proper spacing, clean planting material, and regular monitoring.",Stem,Moderate,Poor airflow
38,Strawberry,Anthracnose,"Dark sunken spots develop on leaves, stems, or fruit and may enlarge over time.",Fungal infection commonly spreads in warm and wet conditions.,Remove infected material and use an appropriate fungicide.,Use clean planting material and reduce moisture on plant surfaces.,Leaf and Fruit,Moderate,Excess moisture
39,Cucumber,Powdery Mildew,"White powdery growth develops on leaves, shoots, or fruit surfaces.",Fungal growth is favored by humid conditions and poor airflow.,Remove heavily affected tissue and apply a suitable fungicide.,"Provide good spacing, airflow, and balanced irrigation.",Root,Severe,Cool and wet
40,Grape,Black Rot,"Affected fruit or leaves show discoloration, spots, and reduced quality.","The condition may be caused by a fungal, bacterial, or viral pathogen.",Separate infected material and use disease-specific management recommended for the crop.,Start with healthy planting material and maintain field hygiene.,Stem,Severe,Poor airflow
41,Chilli,Leaf Curl,"Affected fruit or leaves show discoloration, spots, and reduced quality.","The condition may be caused by a fungal, bacterial, or viral pathogen.",Separate infected material and use disease-specific management recommended for the crop.,Start with healthy planting material and maintain field hygiene.,Leaf,Low,Warm and humid
42,Pomegranate,Leaf Spot,"Yellowing leaves, small spots, and gradual leaf decline are observed.",The disease is associated with a plant pathogen and favorable environmental conditions.,Remove affected material and follow locally recommended disease-control practices.,"Use sanitation, proper spacing, clean planting material, and regular monitoring.",Fruit,Moderate,Cool and wet
43,Rice,Brown Spot,"Yellowing leaves, small spots, and gradual leaf decline are observed.",The disease is associated with a plant pathogen and favorable environmental conditions.,Remove affected material and follow locally recommended disease-control practices.,"Use sanitation, proper spacing, clean planting material, and regular monitoring.",Fruit,Severe,High humidity
44,Bell Pepper,Phytophthora Blight,"Yellowing leaves, small spots, and gradual leaf decline are observed.",The disease is associated with a plant pathogen and favorable environmental conditions.,Remove affected material and follow locally recommended disease-control practices.,"Use sanitation, proper spacing, clean planting material, and regular monitoring.",Leaf and Fruit,Severe,Warm and humid
45,Potato,Viral Leaf Curl,"Yellowing leaves, small spots, and gradual leaf decline are observed.",The disease is associated with a plant pathogen and favorable environmental conditions.,Remove affected material and follow locally recommended disease-control practices.,"Use sanitation, proper spacing, clean planting material, and regular monitoring.",Fruit,Low,Cool and wet
46,Chilli,Leaf Curl,Brown or dark lesions appear on leaves and may spread to nearby tissue.,Infection can develop when moisture and temperature conditions favor the pathogen.,Prune infected parts where appropriate and apply a suitable registered treatment.,"Improve ventilation, avoid unnecessary leaf wetness, and remove fallen debris.",Root,Moderate,Warm and humid
47,Peach,Powdery Mildew,"White powdery growth develops on leaves, shoots, or fruit surfaces.",Fungal growth is favored by humid conditions and poor airflow.,Remove heavily affected tissue and apply a suitable fungicide.,"Provide good spacing, airflow, and balanced irrigation.",Root,Low,High humidity
48,Bell Pepper,Powdery Mildew,"White powdery growth develops on leaves, shoots, or fruit surfaces.",Fungal growth is favored by humid conditions and poor airflow.,Remove heavily affected tissue and apply a suitable fungicide.,"Provide good spacing, airflow, and balanced irrigation.",Leaf and Fruit,Severe,Poor airflow
49,Mango,Powdery Mildew,"White powdery growth develops on leaves, shoots, or fruit surfaces.",Fungal growth is favored by humid conditions and poor airflow.,Remove heavily affected tissue and apply a suitable fungicide.,"Provide good spacing, airflow, and balanced irrigation.",Fruit,High,Warm and humid
50,Wheat,Septoria Leaf Blotch,"Yellowing leaves, small spots, and gradual leaf decline are observed.",The disease is associated with a plant pathogen and favorable environmental conditions.,Remove affected material and follow locally recommended disease-control practices.,"Use sanitation, proper spacing, clean planting material, and regular monitoring.",Leaf,High,Warm and humid
51,Wheat,Powdery Mildew,"White powdery growth develops on leaves, shoots, or fruit surfaces.",Fungal growth is favored by humid conditions and poor airflow.,Remove heavily affected tissue and apply a suitable fungicide.,"Provide good spacing, airflow, and balanced irrigation.",Leaf,Moderate,Excess moisture
52,Apple,Black Rot,"Yellowing leaves, small spots, and gradual leaf decline are observed.",The disease is associated with a plant pathogen and favorable environmental conditions.,Remove affected material and follow locally recommended disease-control practices.,"Use sanitation, proper spacing, clean planting material, and regular monitoring.",Fruit,Low,Poor airflow
53,Grape,Botrytis Bunch Rot,"Yellowing leaves, small spots, and gradual leaf decline are observed.",The disease is associated with a plant pathogen and favorable environmental conditions.,Remove affected material and follow locally recommended disease-control practices.,"Use sanitation, proper spacing, clean planting material, and regular monitoring.",Leaf and Fruit,Low,Warm and humid
54,Chilli,Damping Off,"Affected fruit or leaves show discoloration, spots, and reduced quality.","The condition may be caused by a fungal, bacterial, or viral pathogen.",Separate infected material and use disease-specific management recommended for the crop.,Start with healthy planting material and maintain field hygiene.,Stem,High,Cool and wet
55,Papaya,Powdery Mildew,"White powdery growth develops on leaves, shoots, or fruit surfaces.",Fungal growth is favored by humid conditions and poor airflow.,Remove heavily affected tissue and apply a suitable fungicide.,"Provide good spacing, airflow, and balanced irrigation.",Root,High,Cool and wet
56,Guava,Algal Leaf Spot,Brown or dark lesions appear on leaves and may spread to nearby tissue.,Infection can develop when moisture and temperature conditions favor the pathogen.,Prune infected parts where appropriate and apply a suitable registered treatment.,"Improve ventilation, avoid unnecessary leaf wetness, and remove fallen debris.",Leaf,Low,Poor airflow
57,Maize,Ear Rot,"Yellowing leaves, small spots, and gradual leaf decline are observed.",The disease is associated with a plant pathogen and favorable environmental conditions.,Remove affected material and follow locally recommended disease-control practices.,"Use sanitation, proper spacing, clean planting material, and regular monitoring.",Leaf and Fruit,Low,Cool and wet
58,Watermelon,Gummy Stem Blight,"Yellowing leaves, small spots, and gradual leaf decline are observed.",The disease is associated with a plant pathogen and favorable environmental conditions.,Remove affected material and follow locally recommended disease-control practices.,"Use sanitation, proper spacing, clean planting material, and regular monitoring.",Leaf,High,Cool and wet
59,Banana,Yellow Sigatoka,"Yellowing leaves, small spots, and gradual leaf decline are observed.",The disease is associated with a plant pathogen and favorable environmental conditions.,Remove affected material and follow locally recommended disease-control practices.,"Use sanitation, proper spacing, clean planting material, and regular monitoring.",Leaf and Fruit,Severe,High humidity
60,Maize,Ear Rot,"Yellowing leaves, small spots, and gradual leaf decline are observed.",The disease is associated with a plant pathogen and favorable environmental conditions.,Remove affected material and follow locally recommended disease-control practices.,"Use sanitation, proper spacing, clean planting material, and regular monitoring.",Leaf,High,Cool and wet
61,Lemon,Citrus Canker,"Yellowing leaves, small spots, and gradual leaf decline are observed.",The disease is associated with a plant pathogen and favorable environmental conditions.,Remove affected material and follow locally recommended disease-control practices.,"Use sanitation, proper spacing, clean planting material, and regular monitoring.",Stem,Moderate,High humidity
62,Maize,Common Rust,"Affected fruit or leaves show discoloration, spots, and reduced quality.","The condition may be caused by a fungal, bacterial, or viral pathogen.",Separate infected material and use disease-specific management recommended for the crop.,Start with healthy planting material and maintain field hygiene.,Fruit,High,High humidity
63,Watermelon,Fusarium Wilt,Brown or dark lesions appear on leaves and may spread to nearby tissue.,Infection can develop when moisture and temperature conditions favor the pathogen.,Prune infected parts where appropriate and apply a suitable registered treatment.,"Improve ventilation, avoid unnecessary leaf wetness, and remove fallen debris.",Leaf,Low,Poor airflow
64,Lemon,Citrus Canker,"Yellowing leaves, small spots, and gradual leaf decline are observed.",The disease is associated with a plant pathogen and favorable environmental conditions.,Remove affected material and follow locally recommended disease-control practices.,"Use sanitation, proper spacing, clean planting material, and regular monitoring.",Fruit,High,High humidity
65,Peach,Powdery Mildew,"White powdery growth develops on leaves, shoots, or fruit surfaces.",Fungal growth is favored by humid conditions and poor airflow.,Remove heavily affected tissue and apply a suitable fungicide.,"Provide good spacing, airflow, and balanced irrigation.",Leaf and Fruit,Severe,Warm and humid
66,Grape,Black Rot,"Affected fruit or leaves show discoloration, spots, and reduced quality.","The condition may be caused by a fungal, bacterial, or viral pathogen.",Separate infected material and use disease-specific management recommended for the crop.,Start with healthy planting material and maintain field hygiene.,Leaf and Fruit,Moderate,Warm and humid
67,Banana,Bunchy Top,"Affected fruit or leaves show discoloration, spots, and reduced quality.","The condition may be caused by a fungal, bacterial, or viral pathogen.",Separate infected material and use disease-specific management recommended for the crop.,Start with healthy planting material and maintain field hygiene.,Root,Moderate,Cool and wet
68,Potato,Bacterial Wilt,Brown or dark lesions appear on leaves and may spread to nearby tissue.,Infection can develop when moisture and temperature conditions favor the pathogen.,Prune infected parts where appropriate and apply a suitable registered treatment.,"Improve ventilation, avoid unnecessary leaf wetness, and remove fallen debris.",Stem,Low,Cool and wet
69,Orange,Citrus Canker,Brown or dark lesions appear on leaves and may spread to nearby tissue.,Infection can develop when moisture and temperature conditions favor the pathogen.,Prune infected parts where appropriate and apply a suitable registered treatment.,"Improve ventilation, avoid unnecessary leaf wetness, and remove fallen debris.",Leaf and Fruit,Severe,Cool and wet
70,Orange,Greasy Spot,"Yellowing leaves, small spots, and gradual leaf decline are observed.",The disease is associated with a plant pathogen and favorable environmental conditions.,Remove affected material and follow locally recommended disease-control practices.,"Use sanitation, proper spacing, clean planting material, and regular monitoring.",Leaf,Severe,Cool and wet
71,Papaya,Black Spot,"Affected fruit or leaves show discoloration, spots, and reduced quality.","The condition may be caused by a fungal, bacterial, or viral pathogen.",Separate infected material and use disease-specific management recommended for the crop.,Start with healthy planting material and maintain field hygiene.,Stem,Moderate,Cool and wet
72,Grape,Anthracnose,"Dark sunken spots develop on leaves, stems, or fruit and may enlarge over time.",Fungal infection commonly spreads in warm and wet conditions.,Remove infected material and use an appropriate fungicide.,Use clean planting material and reduce moisture on plant surfaces.,Root,Low,Cool and wet
73,Strawberry,Angular Leaf Spot,Brown or dark lesions appear on leaves and may spread to nearby tissue.,Infection can develop when moisture and temperature conditions favor the pathogen.,Prune infected parts where appropriate and apply a suitable registered treatment.,"Improve ventilation, avoid unnecessary leaf wetness, and remove fallen debris.",Fruit,High,Cool and wet
74,Tomato,Late Blight,Water-soaked dark lesions spread quickly across leaves and stems.,A fungal-like pathogen spreads rapidly under cool and wet conditions.,Remove severely infected tissue and use a recommended fungicide.,Improve airflow and avoid prolonged leaf wetness.,Stem,Severe,High humidity
75,Apple,Cedar Apple Rust,Brown or dark lesions appear on leaves and may spread to nearby tissue.,Infection can develop when moisture and temperature conditions favor the pathogen.,Prune infected parts where appropriate and apply a suitable registered treatment.,"Improve ventilation, avoid unnecessary leaf wetness, and remove fallen debris.",Leaf and Fruit,Severe,High humidity
76,Tomato,Early Blight,Dark brown circular lesions with concentric rings appear on older leaves.,"Fungal infection favored by warm, humid conditions.",Remove affected leaves and apply an appropriate fungicide.,"Maintain plant spacing, avoid overhead irrigation, and remove crop debris.",Fruit,High,Excess moisture
77,Lemon,Citrus Canker,"Yellowing leaves, small spots, and gradual leaf decline are observed.",The disease is associated with a plant pathogen and favorable environmental conditions.,Remove affected material and follow locally recommended disease-control practices.,"Use sanitation, proper spacing, clean planting material, and regular monitoring.",Stem,Severe,High humidity
78,Chilli,Damping Off,"Affected fruit or leaves show discoloration, spots, and reduced quality.","The condition may be caused by a fungal, bacterial, or viral pathogen.",Separate infected material and use disease-specific management recommended for the crop.,Start with healthy planting material and maintain field hygiene.,Root,Low,Excess moisture
79,Strawberry,Leaf Scorch,"Yellowing leaves, small spots, and gradual leaf decline are observed.",The disease is associated with a plant pathogen and favorable environmental conditions.,Remove affected material and follow locally recommended disease-control practices.,"Use sanitation, proper spacing, clean planting material, and regular monitoring.",Leaf,Severe,Excess moisture
80,Rice,Bacterial Leaf Blight,Brown or dark lesions appear on leaves and may spread to nearby tissue.,Infection can develop when moisture and temperature conditions favor the pathogen.,Prune infected parts where appropriate and apply a suitable registered treatment.,"Improve ventilation, avoid unnecessary leaf wetness, and remove fallen debris.",Leaf,Severe,High humidity
81,Maize,Gray Leaf Spot,"Affected fruit or leaves show discoloration, spots, and reduced quality.","The condition may be caused by a fungal, bacterial, or viral pathogen.",Separate infected material and use disease-specific management recommended for the crop.,Start with healthy planting material and maintain field hygiene.,Stem,Low,Excess moisture
82,Guava,Algal Leaf Spot,Brown or dark lesions appear on leaves and may spread to nearby tissue.,Infection can develop when moisture and temperature conditions favor the pathogen.,Prune infected parts where appropriate and apply a suitable registered treatment.,"Improve ventilation, avoid unnecessary leaf wetness, and remove fallen debris.",Stem,Severe,Excess moisture
83,Mango,Powdery Mildew,"White powdery growth develops on leaves, shoots, or fruit surfaces.",Fungal growth is favored by humid conditions and poor airflow.,Remove heavily affected tissue and apply a suitable fungicide.,"Provide good spacing, airflow, and balanced irrigation.",Root,Severe,Cool and wet
84,Maize,Ear Rot,Brown or dark lesions appear on leaves and may spread to nearby tissue.,Infection can develop when moisture and temperature conditions favor the pathogen.,Prune infected parts where appropriate and apply a suitable registered treatment.,"Improve ventilation, avoid unnecessary leaf wetness, and remove fallen debris.",Leaf and Fruit,Severe,Warm and humid
85,Guava,Fruit Rot,"Yellowing leaves, small spots, and gradual leaf decline are observed.",The disease is associated with a plant pathogen and favorable environmental conditions.,Remove affected material and follow locally recommended disease-control practices.,"Use sanitation, proper spacing, clean planting material, and regular monitoring.",Leaf and Fruit,Severe,Excess moisture
86,Papaya,Black Spot,Brown or dark lesions appear on leaves and may spread to nearby tissue.,Infection can develop when moisture and temperature conditions favor the pathogen.,Prune infected parts where appropriate and apply a suitable registered treatment.,"Improve ventilation, avoid unnecessary leaf wetness, and remove fallen debris.",Fruit,Severe,Excess moisture
87,Cucumber,Powdery Mildew,"White powdery growth develops on leaves, shoots, or fruit surfaces.",Fungal growth is favored by humid conditions and poor airflow.,Remove heavily affected tissue and apply a suitable fungicide.,"Provide good spacing, airflow, and balanced irrigation.",Stem,Low,Excess moisture
88,Maize,Gray Leaf Spot,"Yellowing leaves, small spots, and gradual leaf decline are observed.",The disease is associated with a plant pathogen and favorable environmental conditions.,Remove affected material and follow locally recommended disease-control practices.,"Use sanitation, proper spacing, clean planting material, and regular monitoring.",Stem,Moderate,Cool and wet
89,Strawberry,Powdery Mildew,"White powdery growth develops on leaves, shoots, or fruit surfaces.",Fungal growth is favored by humid conditions and poor airflow.,Remove heavily affected tissue and apply a suitable fungicide.,"Provide good spacing, airflow, and balanced irrigation.",Leaf,Low,Cool and wet
90,Cucumber,Fusarium Wilt,"Yellowing leaves, small spots, and gradual leaf decline are observed.",The disease is associated with a plant pathogen and favorable environmental conditions.,Remove affected material and follow locally recommended disease-control practices.,"Use sanitation, proper spacing, clean planting material, and regular monitoring.",Root,Severe,Excess moisture
91,Strawberry,Angular Leaf Spot,Brown or dark lesions appear on leaves and may spread to nearby tissue.,Infection can develop when moisture and temperature conditions favor the pathogen.,Prune infected parts where appropriate and apply a suitable registered treatment.,"Improve ventilation, avoid unnecessary leaf wetness, and remove fallen debris.",Fruit,Severe,Cool and wet
92,Tomato,Early Blight,Dark brown circular lesions with concentric rings appear on older leaves.,"Fungal infection favored by warm, humid conditions.",Remove affected leaves and apply an appropriate fungicide.,"Maintain plant spacing, avoid overhead irrigation, and remove crop debris.",Fruit,Severe,Cool and wet
93,Watermelon,Fusarium Wilt,"Yellowing leaves, small spots, and gradual leaf decline are observed.",The disease is associated with a plant pathogen and favorable environmental conditions.,Remove affected material and follow locally recommended disease-control practices.,"Use sanitation, proper spacing, clean planting material, and regular monitoring.",Leaf,Moderate,Poor airflow
94,Mango,Dieback,"Affected fruit or leaves show discoloration, spots, and reduced quality.","The condition may be caused by a fungal, bacterial, or viral pathogen.",Separate infected material and use disease-specific management recommended for the crop.,Start with healthy planting material and maintain field hygiene.,Root,High,Excess moisture
95,Watermelon,Fusarium Wilt,"Affected fruit or leaves show discoloration, spots, and reduced quality.","The condition may be caused by a fungal, bacterial, or viral pathogen.",Separate infected material and use disease-specific management recommended for the crop.,Start with healthy planting material and maintain field hygiene.,Fruit,Severe,Poor airflow
96,Bell Pepper,Powdery Mildew,"White powdery growth develops on leaves, shoots, or fruit surfaces.",Fungal growth is favored by humid conditions and poor airflow.,Remove heavily affected tissue and apply a suitable fungicide.,"Provide good spacing, airflow, and balanced irrigation.",Stem,Moderate,Excess moisture
97,Cucumber,Powdery Mildew,"White powdery growth develops on leaves, shoots, or fruit surfaces.",Fungal growth is favored by humid conditions and poor airflow.,Remove heavily affected tissue and apply a suitable fungicide.,"Provide good spacing, airflow, and balanced irrigation.",Root,High,Warm and humid
98,Guava,Wilt,Brown or dark lesions appear on leaves and may spread to nearby tissue.,Infection can develop when moisture and temperature conditions favor the pathogen.,Prune infected parts where appropriate and apply a suitable registered treatment.,"Improve ventilation, avoid unnecessary leaf wetness, and remove fallen debris.",Stem,High,Excess moisture
99,Apple,Black Rot,"Yellowing leaves, small spots, and gradual leaf decline are observed.",The disease is associated with a plant pathogen and favorable environmental conditions.,Remove affected material and follow locally recommended disease-control practices.,"Use sanitation, proper spacing, clean planting material, and regular monitoring.",Root,Moderate,Cool and wet
100,Strawberry,Gray Mold,Brown or dark lesions appear on leaves and may spread to nearby tissue.,Infection can develop when moisture and temperature conditions favor the pathogen.,Prune infected parts where appropriate and apply a suitable registered treatment.,"Improve ventilation, avoid unnecessary leaf wetness, and remove fallen debris.",Stem,Severe,Excess moisture
101,Bell Pepper,Anthracnose,"Dark sunken spots develop on leaves, stems, or fruit and may enlarge over time.",Fungal infection commonly spreads in warm and wet conditions.,Remove infected material and use an appropriate fungicide.,Use clean planting material and reduce moisture on plant surfaces.,Fruit,Low,Poor airflow
102,Pomegranate,Wilt,"Affected fruit or leaves show discoloration, spots, and reduced quality.","The condition may be caused by a fungal, bacterial, or viral pathogen.",Separate infected material and use disease-specific management recommended for the crop.,Start with healthy planting material and maintain field hygiene.,Leaf and Fruit,Low,Poor airflow
103,Cucumber,Downy Mildew,Brown or dark lesions appear on leaves and may spread to nearby tissue.,Infection can develop when moisture and temperature conditions favor the pathogen.,Prune infected parts where appropriate and apply a suitable registered treatment.,"Improve ventilation, avoid unnecessary leaf wetness, and remove fallen debris.",Root,High,Poor airflow
104,Rice,Tungro,"Affected fruit or leaves show discoloration, spots, and reduced quality.","The condition may be caused by a fungal, bacterial, or viral pathogen.",Separate infected material and use disease-specific management recommended for the crop.,Start with healthy planting material and maintain field hygiene.,Root,Moderate,Cool and wet
105,Lemon,Anthracnose,"Dark sunken spots develop on leaves, stems, or fruit and may enlarge over time.",Fungal infection commonly spreads in warm and wet conditions.,Remove infected material and use an appropriate fungicide.,Use clean planting material and reduce moisture on plant surfaces.,Leaf,Severe,Poor airflow
106,Papaya,Black Spot,"Affected fruit or leaves show discoloration, spots, and reduced quality.","The condition may be caused by a fungal, bacterial, or viral pathogen.",Separate infected material and use disease-specific management recommended for the crop.,Start with healthy planting material and maintain field hygiene.,Root,Moderate,Cool and wet
107,Maize,Ear Rot,"Yellowing leaves, small spots, and gradual leaf decline are observed.",The disease is associated with a plant pathogen and favorable environmental conditions.,Remove affected material and follow locally recommended disease-control practices.,"Use sanitation, proper spacing, clean planting material, and regular monitoring.",Leaf and Fruit,Severe,Excess moisture
108,Tomato,Early Blight,Dark brown circular lesions with concentric rings appear on older leaves.,"Fungal infection favored by warm, humid conditions.",Remove affected leaves and apply an appropriate fungicide.,"Maintain plant spacing, avoid overhead irrigation, and remove crop debris.",Fruit,Severe,Poor airflow
109,Peach,Leaf Curl,Brown or dark lesions appear on leaves and may spread to nearby tissue.,Infection can develop when moisture and temperature conditions favor the pathogen.,Prune infected parts where appropriate and apply a suitable registered treatment.,"Improve ventilation, avoid unnecessary leaf wetness, and remove fallen debris.",Stem,Severe,Cool and wet
110,Bell Pepper,Powdery Mildew,"White powdery growth develops on leaves, shoots, or fruit surfaces.",Fungal growth is favored by humid conditions and poor airflow.,Remove heavily affected tissue and apply a suitable fungicide.,"Provide good spacing, airflow, and balanced irrigation.",Root,High,High humidity
111,Chilli,Powdery Mildew,"White powdery growth develops on leaves, shoots, or fruit surfaces.",Fungal growth is favored by humid conditions and poor airflow.,Remove heavily affected tissue and apply a suitable fungicide.,"Provide good spacing, airflow, and balanced irrigation.",Root,Low,Warm and humid
112,Rice,Blast,Brown or dark lesions appear on leaves and may spread to nearby tissue.,Infection can develop when moisture and temperature conditions favor the pathogen.,Prune infected parts where appropriate and apply a suitable registered treatment.,"Improve ventilation, avoid unnecessary leaf wetness, and remove fallen debris.",Leaf,Moderate,Warm and humid
113,Tomato,Late Blight,Water-soaked dark lesions spread quickly across leaves and stems.,A fungal-like pathogen spreads rapidly under cool and wet conditions.,Remove severely infected tissue and use a recommended fungicide.,Improve airflow and avoid prolonged leaf wetness.,Leaf,Moderate,Excess moisture
114,Mango,Powdery Mildew,"White powdery growth develops on leaves, shoots, or fruit surfaces.",Fungal growth is favored by humid conditions and poor airflow.,Remove heavily affected tissue and apply a suitable fungicide.,"Provide good spacing, airflow, and balanced irrigation.",Root,Moderate,Warm and humid
115,Wheat,Stem Rust,Brown or dark lesions appear on leaves and may spread to nearby tissue.,Infection can develop when moisture and temperature conditions favor the pathogen.,Prune infected parts where appropriate and apply a suitable registered treatment.,"Improve ventilation, avoid unnecessary leaf wetness, and remove fallen debris.",Stem,High,Cool and wet
116,Maize,Ear Rot,"Affected fruit or leaves show discoloration, spots, and reduced quality.","The condition may be caused by a fungal, bacterial, or viral pathogen.",Separate infected material and use disease-specific management recommended for the crop.,Start with healthy planting material and maintain field hygiene.,Fruit,Low,High humidity
117,Grape,Botrytis Bunch Rot,"Yellowing leaves, small spots, and gradual leaf decline are observed.",The disease is associated with a plant pathogen and favorable environmental conditions.,Remove affected material and follow locally recommended disease-control practices.,"Use sanitation, proper spacing, clean planting material, and regular monitoring.",Leaf and Fruit,High,Poor airflow
118,Pomegranate,Fruit Rot,"Yellowing leaves, small spots, and gradual leaf decline are observed.",The disease is associated with a plant pathogen and favorable environmental conditions.,Remove affected material and follow locally recommended disease-control practices.,"Use sanitation, proper spacing, clean planting material, and regular monitoring.",Leaf,Moderate,High humidity
119,Maize,Northern Leaf Blight,"Affected fruit or leaves show discoloration, spots, and reduced quality.","The condition may be caused by a fungal, bacterial, or viral pathogen.",Separate infected material and use disease-specific management recommended for the crop.,Start with healthy planting material and maintain field hygiene.,Stem,Low,Excess moisture
120,Chilli,Powdery Mildew,"White powdery growth develops on leaves, shoots, or fruit surfaces.",Fungal growth is favored by humid conditions and poor airflow.,Remove heavily affected tissue and apply a suitable fungicide.,"Provide good spacing, airflow, and balanced irrigation.",Leaf and Fruit,Low,High humidity
121,Tomato,Leaf Mold,Brown or dark lesions appear on leaves and may spread to nearby tissue.,Infection can develop when moisture and temperature conditions favor the pathogen.,Prune infected parts where appropriate and apply a suitable registered treatment.,"Improve ventilation, avoid unnecessary leaf wetness, and remove fallen debris.",Root,Low,High humidity
122,Bell Pepper,Phytophthora Blight,Brown or dark lesions appear on leaves and may spread to nearby tissue.,Infection can develop when moisture and temperature conditions favor the pathogen.,Prune infected parts where appropriate and apply a suitable registered treatment.,"Improve ventilation, avoid unnecessary leaf wetness, and remove fallen debris.",Leaf and Fruit,Moderate,High humidity
123,Maize,Ear Rot,Brown or dark lesions appear on leaves and may spread to nearby tissue.,Infection can develop when moisture and temperature conditions favor the pathogen.,Prune infected parts where appropriate and apply a suitable registered treatment.,"Improve ventilation, avoid unnecessary leaf wetness, and remove fallen debris.",Root,Severe,Excess moisture
124,Lemon,Sooty Mold,"Yellowing leaves, small spots, and gradual leaf decline are observed.",The disease is associated with a plant pathogen and favorable environmental conditions.,Remove affected material and follow locally recommended disease-control practices.,"Use sanitation, proper spacing, clean planting material, and regular monitoring.",Stem,Low,Poor airflow
125,Orange,Tristeza,"Affected fruit or leaves show discoloration, spots, and reduced quality.","The condition may be caused by a fungal, bacterial, or viral pathogen.",Separate infected material and use disease-specific management recommended for the crop.,Start with healthy planting material and maintain field hygiene.,Stem,Severe,Warm and humid
126,Cucumber,Angular Leaf Spot,"Yellowing leaves, small spots, and gradual leaf decline are observed.",The disease is associated with a plant pathogen and favorable environmental conditions.,Remove affected material and follow locally recommended disease-control practices.,"Use sanitation, proper spacing, clean planting material, and regular monitoring.",Fruit,Severe,High humidity
127,Lemon,Sooty Mold,Brown or dark lesions appear on leaves and may spread to nearby tissue.,Infection can develop when moisture and temperature conditions favor the pathogen.,Prune infected parts where appropriate and apply a suitable registered treatment.,"Improve ventilation, avoid unnecessary leaf wetness, and remove fallen debris.",Leaf and Fruit,High,Warm and humid
128,Watermelon,Downy Mildew,"Yellowing leaves, small spots, and gradual leaf decline are observed.",The disease is associated with a plant pathogen and favorable environmental conditions.,Remove affected material and follow locally recommended disease-control practices.,"Use sanitation, proper spacing, clean planting material, and regular monitoring.",Root,Moderate,Poor airflow
129,Rice,Bacterial Leaf Blight,"Affected fruit or leaves show discoloration, spots, and reduced quality.","The condition may be caused by a fungal, bacterial, or viral pathogen.",Separate infected material and use disease-specific management recommended for the crop.,Start with healthy planting material and maintain field hygiene.,Root,Severe,Poor airflow
130,Tomato,Early Blight,Dark brown circular lesions with concentric rings appear on older leaves.,"Fungal infection favored by warm, humid conditions.",Remove affected leaves and apply an appropriate fungicide.,"Maintain plant spacing, avoid overhead irrigation, and remove crop debris.",Fruit,High,Poor airflow
131,Orange,Citrus Black Spot,"Affected fruit or leaves show discoloration, spots, and reduced quality.","The condition may be caused by a fungal, bacterial, or viral pathogen.",Separate infected material and use disease-specific management recommended for the crop.,Start with healthy planting material and maintain field hygiene.,Root,High,Excess moisture
132,Watermelon,Gummy Stem Blight,Brown or dark lesions appear on leaves and may spread to nearby tissue.,Infection can develop when moisture and temperature conditions favor the pathogen.,Prune infected parts where appropriate and apply a suitable registered treatment.,"Improve ventilation, avoid unnecessary leaf wetness, and remove fallen debris.",Stem,High,Poor airflow
133,Lemon,Sooty Mold,Brown or dark lesions appear on leaves and may spread to nearby tissue.,Infection can develop when moisture and temperature conditions favor the pathogen.,Prune infected parts where appropriate and apply a suitable registered treatment.,"Improve ventilation, avoid unnecessary leaf wetness, and remove fallen debris.",Leaf,Moderate,Cool and wet
134,Papaya,Papaya Ringspot,"Affected fruit or leaves show discoloration, spots, and reduced quality.","The condition may be caused by a fungal, bacterial, or viral pathogen.",Separate infected material and use disease-specific management recommended for the crop.,Start with healthy planting material and maintain field hygiene.,Fruit,Moderate,Cool and wet
135,Cucumber,Angular Leaf Spot,"Affected fruit or leaves show discoloration, spots, and reduced quality.","The condition may be caused by a fungal, bacterial, or viral pathogen.",Separate infected material and use disease-specific management recommended for the crop.,Start with healthy planting material and maintain field hygiene.,Leaf,High,Cool and wet
136,Guava,Wilt,Brown or dark lesions appear on leaves and may spread to nearby tissue.,Infection can develop when moisture and temperature conditions favor the pathogen.,Prune infected parts where appropriate and apply a suitable registered treatment.,"Improve ventilation, avoid unnecessary leaf wetness, and remove fallen debris.",Stem,Moderate,Warm and humid
137,Rice,Bacterial Leaf Blight,Brown or dark lesions appear on leaves and may spread to nearby tissue.,Infection can develop when moisture and temperature conditions favor the pathogen.,Prune infected parts where appropriate and apply a suitable registered treatment.,"Improve ventilation, avoid unnecessary leaf wetness, and remove fallen debris.",Leaf,Low,Excess moisture
138,Guava,Wilt,"Affected fruit or leaves show discoloration, spots, and reduced quality.","The condition may be caused by a fungal, bacterial, or viral pathogen.",Separate infected material and use disease-specific management recommended for the crop.,Start with healthy planting material and maintain field hygiene.,Leaf,Severe,Warm and humid
139,Wheat,Stripe Rust,Brown or dark lesions appear on leaves and may spread to nearby tissue.,Infection can develop when moisture and temperature conditions favor the pathogen.,Prune infected parts where appropriate and apply a suitable registered treatment.,"Improve ventilation, avoid unnecessary leaf wetness, and remove fallen debris.",Root,Severe,High humidity
140,Peach,Leaf Curl,Brown or dark lesions appear on leaves and may spread to nearby tissue.,Infection can develop when moisture and temperature conditions favor the pathogen.,Prune infected parts where appropriate and apply a suitable registered treatment.,"Improve ventilation, avoid unnecessary leaf wetness, and remove fallen debris.",Leaf,Severe,Warm and humid
141,Pomegranate,Anthracnose,"Dark sunken spots develop on leaves, stems, or fruit and may enlarge over time.",Fungal infection commonly spreads in warm and wet conditions.,Remove infected material and use an appropriate fungicide.,Use clean planting material and reduce moisture on plant surfaces.,Leaf and Fruit,Low,Warm and humid
142,Mango,Powdery Mildew,"White powdery growth develops on leaves, shoots, or fruit surfaces.",Fungal growth is favored by humid conditions and poor airflow.,Remove heavily affected tissue and apply a suitable fungicide.,"Provide good spacing, airflow, and balanced irrigation.",Leaf,High,Cool and wet
143,Grape,Botrytis Bunch Rot,Brown or dark lesions appear on leaves and may spread to nearby tissue.,Infection can develop when moisture and temperature conditions favor the pathogen.,Prune infected parts where appropriate and apply a suitable registered treatment.,"Improve ventilation, avoid unnecessary leaf wetness, and remove fallen debris.",Leaf and Fruit,Moderate,Poor airflow
144,Bell Pepper,Anthracnose,"Dark sunken spots develop on leaves, stems, or fruit and may enlarge over time.",Fungal infection commonly spreads in warm and wet conditions.,Remove infected material and use an appropriate fungicide.,Use clean planting material and reduce moisture on plant surfaces.,Leaf and Fruit,High,Poor airflow
145,Guava,Mucor Rot,"Affected fruit or leaves show discoloration, spots, and reduced quality.","The condition may be caused by a fungal, bacterial, or viral pathogen.",Separate infected material and use disease-specific management recommended for the crop.,Start with healthy planting material and maintain field hygiene.,Leaf and Fruit,Low,Warm and humid
146,Strawberry,Powdery Mildew,"White powdery growth develops on leaves, shoots, or fruit surfaces.",Fungal growth is favored by humid conditions and poor airflow.,Remove heavily affected tissue and apply a suitable fungicide.,"Provide good spacing, airflow, and balanced irrigation.",Leaf,High,Cool and wet
147,Orange,Greasy Spot,"Affected fruit or leaves show discoloration, spots, and reduced quality.","The condition may be caused by a fungal, bacterial, or viral pathogen.",Separate infected material and use disease-specific management recommended for the crop.,Start with healthy planting material and maintain field hygiene.,Fruit,Low,Warm and humid
148,Chilli,Leaf Curl,"Affected fruit or leaves show discoloration, spots, and reduced quality.","The condition may be caused by a fungal, bacterial, or viral pathogen.",Separate infected material and use disease-specific management recommended for the crop.,Start with healthy planting material and maintain field hygiene.,Stem,Severe,Warm and humid
149,Orange,Citrus Black Spot,"Affected fruit or leaves show discoloration, spots, and reduced quality.","The condition may be caused by a fungal, bacterial, or viral pathogen.",Separate infected material and use disease-specific management recommended for the crop.,Start with healthy planting material and maintain field hygiene.,Root,High,Warm and humid
150,Orange,Citrus Black Spot,"Affected fruit or leaves show discoloration, spots, and reduced quality.","The condition may be caused by a fungal, bacterial, or viral pathogen.",Separate infected material and use disease-specific management recommended for the crop.,Start with healthy planting material and maintain field hygiene.,Root,Moderate,Warm and humid
151,Rice,Bacterial Leaf Blight,"Affected fruit or leaves show discoloration, spots, and reduced quality.","The condition may be caused by a fungal, bacterial, or viral pathogen.",Separate infected material and use disease-specific management recommended for the crop.,Start with healthy planting material and maintain field hygiene.,Stem,Moderate,Cool and wet
152,Apple,Apple Scab,"Yellowing leaves, small spots, and gradual leaf decline are observed.",The disease is associated with a plant pathogen and favorable environmental conditions.,Remove affected material and follow locally recommended disease-control practices.,"Use sanitation, proper spacing, clean planting material, and regular monitoring.",Leaf and Fruit,High,Excess moisture
153,Guava,Algal Leaf Spot,"Yellowing leaves, small spots, and gradual leaf decline are observed.",The disease is associated with a plant pathogen and favorable environmental conditions.,Remove affected material and follow locally recommended disease-control practices.,"Use sanitation, proper spacing, clean planting material, and regular monitoring.",Stem,Severe,Poor airflow
154,Lemon,Root Rot,"Affected fruit or leaves show discoloration, spots, and reduced quality.","The condition may be caused by a fungal, bacterial, or viral pathogen.",Separate infected material and use disease-specific management recommended for the crop.,Start with healthy planting material and maintain field hygiene.,Root,Severe,Warm and humid
155,Maize,Northern Leaf Blight,Brown or dark lesions appear on leaves and may spread to nearby tissue.,Infection can develop when moisture and temperature conditions favor the pathogen.,Prune infected parts where appropriate and apply a suitable registered treatment.,"Improve ventilation, avoid unnecessary leaf wetness, and remove fallen debris.",Leaf and Fruit,High,High humidity
156,Tomato,Early Blight,Dark brown circular lesions with concentric rings appear on older leaves.,"Fungal infection favored by warm, humid conditions.",Remove affected leaves and apply an appropriate fungicide.,"Maintain plant spacing, avoid overhead irrigation, and remove crop debris.",Leaf and Fruit,Moderate,Excess moisture
157,Tomato,Bacterial Spot,"Affected fruit or leaves show discoloration, spots, and reduced quality.","The condition may be caused by a fungal, bacterial, or viral pathogen.",Separate infected material and use disease-specific management recommended for the crop.,Start with healthy planting material and maintain field hygiene.,Fruit,Low,Poor airflow
158,Watermelon,Fusarium Wilt,Brown or dark lesions appear on leaves and may spread to nearby tissue.,Infection can develop when moisture and temperature conditions favor the pathogen.,Prune infected parts where appropriate and apply a suitable registered treatment.,"Improve ventilation, avoid unnecessary leaf wetness, and remove fallen debris.",Leaf and Fruit,Moderate,Poor airflow
159,Cucumber,Downy Mildew,Brown or dark lesions appear on leaves and may spread to nearby tissue.,Infection can develop when moisture and temperature conditions favor the pathogen.,Prune infected parts where appropriate and apply a suitable registered treatment.,"Improve ventilation, avoid unnecessary leaf wetness, and remove fallen debris.",Root,High,High humidity
160,Papaya,Papaya Ringspot,"Yellowing leaves, small spots, and gradual leaf decline are observed.",The disease is associated with a plant pathogen and favorable environmental conditions.,Remove affected material and follow locally recommended disease-control practices.,"Use sanitation, proper spacing, clean planting material, and regular monitoring.",Root,High,Poor airflow
161,Guava,Algal Leaf Spot,"Affected fruit or leaves show discoloration, spots, and reduced quality.","The condition may be caused by a fungal, bacterial, or viral pathogen.",Separate infected material and use disease-specific management recommended for the crop.,Start with healthy planting material and maintain field hygiene.,Root,Low,Warm and humid
162,Papaya,Anthracnose,"Dark sunken spots develop on leaves, stems, or fruit and may enlarge over time.",Fungal infection commonly spreads in warm and wet conditions.,Remove infected material and use an appropriate fungicide.,Use clean planting material and reduce moisture on plant surfaces.,Leaf,High,Poor airflow
163,Watermelon,Anthracnose,"Dark sunken spots develop on leaves, stems, or fruit and may enlarge over time.",Fungal infection commonly spreads in warm and wet conditions.,Remove infected material and use an appropriate fungicide.,Use clean planting material and reduce moisture on plant surfaces.,Root,Severe,Warm and humid
164,Strawberry,Anthracnose,"Dark sunken spots develop on leaves, stems, or fruit and may enlarge over time.",Fungal infection commonly spreads in warm and wet conditions.,Remove infected material and use an appropriate fungicide.,Use clean planting material and reduce moisture on plant surfaces.,Leaf and Fruit,High,Poor airflow
165,Bell Pepper,Bacterial Spot,"Yellowing leaves, small spots, and gradual leaf decline are observed.",The disease is associated with a plant pathogen and favorable environmental conditions.,Remove affected material and follow locally recommended disease-control practices.,"Use sanitation, proper spacing, clean planting material, and regular monitoring.",Leaf and Fruit,High,Cool and wet
166,Guava,Algal Leaf Spot,"Affected fruit or leaves show discoloration, spots, and reduced quality.","The condition may be caused by a fungal, bacterial, or viral pathogen.",Separate infected material and use disease-specific management recommended for the crop.,Start with healthy planting material and maintain field hygiene.,Leaf,Severe,Warm and humid
167,Maize,Common Rust,"Affected fruit or leaves show discoloration, spots, and reduced quality.","The condition may be caused by a fungal, bacterial, or viral pathogen.",Separate infected material and use disease-specific management recommended for the crop.,Start with healthy planting material and maintain field hygiene.,Stem,Moderate,Excess moisture
168,Tomato,Septoria Leaf Spot,Brown or dark lesions appear on leaves and may spread to nearby tissue.,Infection can develop when moisture and temperature conditions favor the pathogen.,Prune infected parts where appropriate and apply a suitable registered treatment.,"Improve ventilation, avoid unnecessary leaf wetness, and remove fallen debris.",Fruit,Low,Warm and humid
169,Bell Pepper,Bacterial Spot,"Affected fruit or leaves show discoloration, spots, and reduced quality.","The condition may be caused by a fungal, bacterial, or viral pathogen.",Separate infected material and use disease-specific management recommended for the crop.,Start with healthy planting material and maintain field hygiene.,Root,Moderate,High humidity
170,Watermelon,Gummy Stem Blight,Brown or dark lesions appear on leaves and may spread to nearby tissue.,Infection can develop when moisture and temperature conditions favor the pathogen.,Prune infected parts where appropriate and apply a suitable registered treatment.,"Improve ventilation, avoid unnecessary leaf wetness, and remove fallen debris.",Root,Severe,Cool and wet
171,Bell Pepper,Mosaic Virus,"Yellowing leaves, small spots, and gradual leaf decline are observed.",The disease is associated with a plant pathogen and favorable environmental conditions.,Remove affected material and follow locally recommended disease-control practices.,"Use sanitation, proper spacing, clean planting material, and regular monitoring.",Fruit,Severe,Excess moisture
172,Watermelon,Downy Mildew,"Yellowing leaves, small spots, and gradual leaf decline are observed.",The disease is associated with a plant pathogen and favorable environmental conditions.,Remove affected material and follow locally recommended disease-control practices.,"Use sanitation, proper spacing, clean planting material, and regular monitoring.",Root,High,High humidity
173,Watermelon,Gummy Stem Blight,"Yellowing leaves, small spots, and gradual leaf decline are observed.",The disease is associated with a plant pathogen and favorable environmental conditions.,Remove affected material and follow locally recommended disease-control practices.,"Use sanitation, proper spacing, clean planting material, and regular monitoring.",Stem,High,Excess moisture
174,Wheat,Powdery Mildew,"White powdery growth develops on leaves, shoots, or fruit surfaces.",Fungal growth is favored by humid conditions and poor airflow.,Remove heavily affected tissue and apply a suitable fungicide.,"Provide good spacing, airflow, and balanced irrigation.",Root,Moderate,Excess moisture
175,Cucumber,Angular Leaf Spot,Brown or dark lesions appear on leaves and may spread to nearby tissue.,Infection can develop when moisture and temperature conditions favor the pathogen.,Prune infected parts where appropriate and apply a suitable registered treatment.,"Improve ventilation, avoid unnecessary leaf wetness, and remove fallen debris.",Root,Severe,High humidity
176,Strawberry,Powdery Mildew,"White powdery growth develops on leaves, shoots, or fruit surfaces.",Fungal growth is favored by humid conditions and poor airflow.,Remove heavily affected tissue and apply a suitable fungicide.,"Provide good spacing, airflow, and balanced irrigation.",Fruit,Severe,Poor airflow
177,Potato,Bacterial Wilt,"Affected fruit or leaves show discoloration, spots, and reduced quality.","The condition may be caused by a fungal, bacterial, or viral pathogen.",Separate infected material and use disease-specific management recommended for the crop.,Start with healthy planting material and maintain field hygiene.,Root,Severe,Poor airflow
178,Mango,Dieback,"Yellowing leaves, small spots, and gradual leaf decline are observed.",The disease is associated with a plant pathogen and favorable environmental conditions.,Remove affected material and follow locally recommended disease-control practices.,"Use sanitation, proper spacing, clean planting material, and regular monitoring.",Leaf and Fruit,Moderate,Excess moisture
179,Papaya,Papaya Ringspot,Brown or dark lesions appear on leaves and may spread to nearby tissue.,Infection can develop when moisture and temperature conditions favor the pathogen.,Prune infected parts where appropriate and apply a suitable registered treatment.,"Improve ventilation, avoid unnecessary leaf wetness, and remove fallen debris.",Leaf and Fruit,Low,Poor airflow
180,Tomato,Late Blight,Water-soaked dark lesions spread quickly across leaves and stems.,A fungal-like pathogen spreads rapidly under cool and wet conditions.,Remove severely infected tissue and use a recommended fungicide.,Improve airflow and avoid prolonged leaf wetness.,Fruit,Severe,Warm and humid
181,Cucumber,Angular Leaf Spot,Brown or dark lesions appear on leaves and may spread to nearby tissue.,Infection can develop when moisture and temperature conditions favor the pathogen.,Prune infected parts where appropriate and apply a suitable registered treatment.,"Improve ventilation, avoid unnecessary leaf wetness, and remove fallen debris.",Leaf,Severe,High humidity
182,Rice,Brown Spot,Brown or dark lesions appear on leaves and may spread to nearby tissue.,Infection can develop when moisture and temperature conditions favor the pathogen.,Prune infected parts where appropriate and apply a suitable registered treatment.,"Improve ventilation, avoid unnecessary leaf wetness, and remove fallen debris.",Leaf and Fruit,Severe,Warm and humid
183,Maize,Northern Leaf Blight,"Yellowing leaves, small spots, and gradual leaf decline are observed.",The disease is associated with a plant pathogen and favorable environmental conditions.,Remove affected material and follow locally recommended disease-control practices.,"Use sanitation, proper spacing, clean planting material, and regular monitoring.",Fruit,High,Warm and humid
184,Chilli,Anthracnose,"Dark sunken spots develop on leaves, stems, or fruit and may enlarge over time.",Fungal infection commonly spreads in warm and wet conditions.,Remove infected material and use an appropriate fungicide.,Use clean planting material and reduce moisture on plant surfaces.,Root,Low,Cool and wet
185,Guava,Anthracnose,"Dark sunken spots develop on leaves, stems, or fruit and may enlarge over time.",Fungal infection commonly spreads in warm and wet conditions.,Remove infected material and use an appropriate fungicide.,Use clean planting material and reduce moisture on plant surfaces.,Stem,Low,Warm and humid
186,Guava,Fruit Rot,Brown or dark lesions appear on leaves and may spread to nearby tissue.,Infection can develop when moisture and temperature conditions favor the pathogen.,Prune infected parts where appropriate and apply a suitable registered treatment.,"Improve ventilation, avoid unnecessary leaf wetness, and remove fallen debris.",Fruit,Severe,Cool and wet
187,Watermelon,Fusarium Wilt,"Affected fruit or leaves show discoloration, spots, and reduced quality.","The condition may be caused by a fungal, bacterial, or viral pathogen.",Separate infected material and use disease-specific management recommended for the crop.,Start with healthy planting material and maintain field hygiene.,Fruit,Moderate,Cool and wet
188,Apple,Fire Blight,Brown or dark lesions appear on leaves and may spread to nearby tissue.,Infection can develop when moisture and temperature conditions favor the pathogen.,Prune infected parts where appropriate and apply a suitable registered treatment.,"Improve ventilation, avoid unnecessary leaf wetness, and remove fallen debris.",Root,Moderate,Excess moisture
189,Mango,Powdery Mildew,"White powdery growth develops on leaves, shoots, or fruit surfaces.",Fungal growth is favored by humid conditions and poor airflow.,Remove heavily affected tissue and apply a suitable fungicide.,"Provide good spacing, airflow, and balanced irrigation.",Stem,Severe,Poor airflow
190,Lemon,Citrus Canker,Brown or dark lesions appear on leaves and may spread to nearby tissue.,Infection can develop when moisture and temperature conditions favor the pathogen.,Prune infected parts where appropriate and apply a suitable registered treatment.,"Improve ventilation, avoid unnecessary leaf wetness, and remove fallen debris.",Leaf and Fruit,High,Cool and wet
191,Apple,Powdery Mildew,"White powdery growth develops on leaves, shoots, or fruit surfaces.",Fungal growth is favored by humid conditions and poor airflow.,Remove heavily affected tissue and apply a suitable fungicide.,"Provide good spacing, airflow, and balanced irrigation.",Leaf and Fruit,High,High humidity
192,Chilli,Powdery Mildew,"White powdery growth develops on leaves, shoots, or fruit surfaces.",Fungal growth is favored by humid conditions and poor airflow.,Remove heavily affected tissue and apply a suitable fungicide.,"Provide good spacing, airflow, and balanced irrigation.",Stem,Severe,Cool and wet
193,Pomegranate,Anthracnose,"Dark sunken spots develop on leaves, stems, or fruit and may enlarge over time.",Fungal infection commonly spreads in warm and wet conditions.,Remove infected material and use an appropriate fungicide.,Use clean planting material and reduce moisture on plant surfaces.,Fruit,Low,Poor airflow
194,Wheat,Stripe Rust,"Affected fruit or leaves show discoloration, spots, and reduced quality.","The condition may be caused by a fungal, bacterial, or viral pathogen.",Separate infected material and use disease-specific management recommended for the crop.,Start with healthy planting material and maintain field hygiene.,Stem,High,Warm and humid
195,Pomegranate,Leaf Spot,"Yellowing leaves, small spots, and gradual leaf decline are observed.",The disease is associated with a plant pathogen and favorable environmental conditions.,Remove affected material and follow locally recommended disease-control practices.,"Use sanitation, proper spacing, clean planting material, and regular monitoring.",Leaf and Fruit,Low,Poor airflow
196,Guava,Wilt,"Affected fruit or leaves show discoloration, spots, and reduced quality.","The condition may be caused by a fungal, bacterial, or viral pathogen.",Separate infected material and use disease-specific management recommended for the crop.,Start with healthy planting material and maintain field hygiene.,Fruit,High,Cool and wet
197,Maize,Gray Leaf Spot,"Affected fruit or leaves show discoloration, spots, and reduced quality.","The condition may be caused by a fungal, bacterial, or viral pathogen.",Separate infected material and use disease-specific management recommended for the crop.,Start with healthy planting material and maintain field hygiene.,Leaf,Moderate,Warm and humid
198,Guava,Algal Leaf Spot,"Yellowing leaves, small spots, and gradual leaf decline are observed.",The disease is associated with a plant pathogen and favorable environmental conditions.,Remove affected material and follow locally recommended disease-control practices.,"Use sanitation, proper spacing, clean planting material, and regular monitoring.",Fruit,High,Warm and humid
199,Guava,Fruit Rot,"Affected fruit or leaves show discoloration, spots, and reduced quality.","The condition may be caused by a fungal, bacterial, or viral pathogen.",Separate infected material and use disease-specific management recommended for the crop.,Start with healthy planting material and maintain field hygiene.,Fruit,Severe,Cool and wet
200,Mango,Sooty Mold,Brown or dark lesions appear on leaves and may spread to nearby tissue.,Infection can develop when moisture and temperature conditions favor the pathogen.,Prune infected parts where appropriate and apply a suitable registered treatment.,"Improve ventilation, avoid unnecessary leaf wetness, and remove fallen debris.",Fruit,High,High humidity
201,Cucumber,Angular Leaf Spot,"Affected fruit or leaves show discoloration, spots, and reduced quality.","The condition may be caused by a fungal, bacterial, or viral pathogen.",Separate infected material and use disease-specific management recommended for the crop.,Start with healthy planting material and maintain field hygiene.,Leaf,High,Poor airflow
202,Apple,Black Rot,"Yellowing leaves, small spots, and gradual leaf decline are observed.",The disease is associated with a plant pathogen and favorable environmental conditions.,Remove affected material and follow locally recommended disease-control practices.,"Use sanitation, proper spacing, clean planting material, and regular monitoring.",Leaf and Fruit,Severe,High humidity
203,Apple,Powdery Mildew,"White powdery growth develops on leaves, shoots, or fruit surfaces.",Fungal growth is favored by humid conditions and poor airflow.,Remove heavily affected tissue and apply a suitable fungicide.,"Provide good spacing, airflow, and balanced irrigation.",Stem,Low,Excess moisture
204,Grape,Anthracnose,"Dark sunken spots develop on leaves, stems, or fruit and may enlarge over time.",Fungal infection commonly spreads in warm and wet conditions.,Remove infected material and use an appropriate fungicide.,Use clean planting material and reduce moisture on plant surfaces.,Stem,High,Excess moisture
205,Pomegranate,Leaf Spot,"Yellowing leaves, small spots, and gradual leaf decline are observed.",The disease is associated with a plant pathogen and favorable environmental conditions.,Remove affected material and follow locally recommended disease-control practices.,"Use sanitation, proper spacing, clean planting material, and regular monitoring.",Root,Moderate,Warm and humid
206,Maize,Ear Rot,Brown or dark lesions appear on leaves and may spread to nearby tissue.,Infection can develop when moisture and temperature conditions favor the pathogen.,Prune infected parts where appropriate and apply a suitable registered treatment.,"Improve ventilation, avoid unnecessary leaf wetness, and remove fallen debris.",Leaf,Moderate,Poor airflow
207,Guava,Algal Leaf Spot,"Yellowing leaves, small spots, and gradual leaf decline are observed.",The disease is associated with a plant pathogen and favorable environmental conditions.,Remove affected material and follow locally recommended disease-control practices.,"Use sanitation, proper spacing, clean planting material, and regular monitoring.",Leaf,Moderate,Warm and humid
208,Guava,Algal Leaf Spot,"Yellowing leaves, small spots, and gradual leaf decline are observed.",The disease is associated with a plant pathogen and favorable environmental conditions.,Remove affected material and follow locally recommended disease-control practices.,"Use sanitation, proper spacing, clean planting material, and regular monitoring.",Fruit,Low,Excess moisture
209,Mango,Dieback,Brown or dark lesions appear on leaves and may spread to nearby tissue.,Infection can develop when moisture and temperature conditions favor the pathogen.,Prune infected parts where appropriate and apply a suitable registered treatment.,"Improve ventilation, avoid unnecessary leaf wetness, and remove fallen debris.",Leaf and Fruit,High,Poor airflow
210,Wheat,Stem Rust,Brown or dark lesions appear on leaves and may spread to nearby tissue.,Infection can develop when moisture and temperature conditions favor the pathogen.,Prune infected parts where appropriate and apply a suitable registered treatment.,"Improve ventilation, avoid unnecessary leaf wetness, and remove fallen debris.",Root,Low,Excess moisture
211,Chilli,Powdery Mildew,"White powdery growth develops on leaves, shoots, or fruit surfaces.",Fungal growth is favored by humid conditions and poor airflow.,Remove heavily affected tissue and apply a suitable fungicide.,"Provide good spacing, airflow, and balanced irrigation.",Stem,Low,Cool and wet
212,Bell Pepper,Anthracnose,"Dark sunken spots develop on leaves, stems, or fruit and may enlarge over time.",Fungal infection commonly spreads in warm and wet conditions.,Remove infected material and use an appropriate fungicide.,Use clean planting material and reduce moisture on plant surfaces.,Stem,Moderate,Warm and humid
213,Banana,Bunchy Top,"Affected fruit or leaves show discoloration, spots, and reduced quality.","The condition may be caused by a fungal, bacterial, or viral pathogen.",Separate infected material and use disease-specific management recommended for the crop.,Start with healthy planting material and maintain field hygiene.,Leaf,High,Poor airflow
214,Lemon,Greasy Spot,"Yellowing leaves, small spots, and gradual leaf decline are observed.",The disease is associated with a plant pathogen and favorable environmental conditions.,Remove affected material and follow locally recommended disease-control practices.,"Use sanitation, proper spacing, clean planting material, and regular monitoring.",Leaf,Severe,Cool and wet
215,Maize,Northern Leaf Blight,"Yellowing leaves, small spots, and gradual leaf decline are observed.",The disease is associated with a plant pathogen and favorable environmental conditions.,Remove affected material and follow locally recommended disease-control practices.,"Use sanitation, proper spacing, clean planting material, and regular monitoring.",Fruit,High,Cool and wet
216,Wheat,Stem Rust,"Yellowing leaves, small spots, and gradual leaf decline are observed.",The disease is associated with a plant pathogen and favorable environmental conditions.,Remove affected material and follow locally recommended disease-control practices.,"Use sanitation, proper spacing, clean planting material, and regular monitoring.",Leaf and Fruit,Moderate,Cool and wet
217,Orange,Citrus Black Spot,"Yellowing leaves, small spots, and gradual leaf decline are observed.",The disease is associated with a plant pathogen and favorable environmental conditions.,Remove affected material and follow locally recommended disease-control practices.,"Use sanitation, proper spacing, clean planting material, and regular monitoring.",Stem,Low,Cool and wet
218,Mango,Sooty Mold,Brown or dark lesions appear on leaves and may spread to nearby tissue.,Infection can develop when moisture and temperature conditions favor the pathogen.,Prune infected parts where appropriate and apply a suitable registered treatment.,"Improve ventilation, avoid unnecessary leaf wetness, and remove fallen debris.",Leaf,Moderate,Warm and humid
219,Mango,Anthracnose,"Dark sunken spots develop on leaves, stems, or fruit and may enlarge over time.",Fungal infection commonly spreads in warm and wet conditions.,Remove infected material and use an appropriate fungicide.,Use clean planting material and reduce moisture on plant surfaces.,Fruit,High,Excess moisture
220,Papaya,Papaya Ringspot,"Yellowing leaves, small spots, and gradual leaf decline are observed.",The disease is associated with a plant pathogen and favorable environmental conditions.,Remove affected material and follow locally recommended disease-control practices.,"Use sanitation, proper spacing, clean planting material, and regular monitoring.",Leaf,High,Cool and wet
221,Chilli,Damping Off,"Yellowing leaves, small spots, and gradual leaf decline are observed.",The disease is associated with a plant pathogen and favorable environmental conditions.,Remove affected material and follow locally recommended disease-control practices.,"Use sanitation, proper spacing, clean planting material, and regular monitoring.",Root,Low,Poor airflow
222,Banana,Bunchy Top,"Affected fruit or leaves show discoloration, spots, and reduced quality.","The condition may be caused by a fungal, bacterial, or viral pathogen.",Separate infected material and use disease-specific management recommended for the crop.,Start with healthy planting material and maintain field hygiene.,Root,Low,Excess moisture
223,Orange,Sooty Mold,"Yellowing leaves, small spots, and gradual leaf decline are observed.",The disease is associated with a plant pathogen and favorable environmental conditions.,Remove affected material and follow locally recommended disease-control practices.,"Use sanitation, proper spacing, clean planting material, and regular monitoring.",Root,High,Warm and humid
224,Potato,Blackleg,Brown or dark lesions appear on leaves and may spread to nearby tissue.,Infection can develop when moisture and temperature conditions favor the pathogen.,Prune infected parts where appropriate and apply a suitable registered treatment.,"Improve ventilation, avoid unnecessary leaf wetness, and remove fallen debris.",Leaf,Severe,Poor airflow
225,Bell Pepper,Bacterial Spot,"Yellowing leaves, small spots, and gradual leaf decline are observed.",The disease is associated with a plant pathogen and favorable environmental conditions.,Remove affected material and follow locally recommended disease-control practices.,"Use sanitation, proper spacing, clean planting material, and regular monitoring.",Leaf and Fruit,High,Cool and wet
226,Apple,Black Rot,Brown or dark lesions appear on leaves and may spread to nearby tissue.,Infection can develop when moisture and temperature conditions favor the pathogen.,Prune infected parts where appropriate and apply a suitable registered treatment.,"Improve ventilation, avoid unnecessary leaf wetness, and remove fallen debris.",Root,High,Excess moisture
227,Watermelon,Gummy Stem Blight,Brown or dark lesions appear on leaves and may spread to nearby tissue.,Infection can develop when moisture and temperature conditions favor the pathogen.,Prune infected parts where appropriate and apply a suitable registered treatment.,"Improve ventilation, avoid unnecessary leaf wetness, and remove fallen debris.",Leaf,Severe,Warm and humid
228,Rice,Bacterial Leaf Blight,Brown or dark lesions appear on leaves and may spread to nearby tissue.,Infection can develop when moisture and temperature conditions favor the pathogen.,Prune infected parts where appropriate and apply a suitable registered treatment.,"Improve ventilation, avoid unnecessary leaf wetness, and remove fallen debris.",Fruit,Severe,Poor airflow
229,Papaya,Black Spot,Brown or dark lesions appear on leaves and may spread to nearby tissue.,Infection can develop when moisture and temperature conditions favor the pathogen.,Prune infected parts where appropriate and apply a suitable registered treatment.,"Improve ventilation, avoid unnecessary leaf wetness, and remove fallen debris.",Leaf,Severe,High humidity
230,Chilli,Powdery Mildew,"White powdery growth develops on leaves, shoots, or fruit surfaces.",Fungal growth is favored by humid conditions and poor airflow.,Remove heavily affected tissue and apply a suitable fungicide.,"Provide good spacing, airflow, and balanced irrigation.",Stem,High,Cool and wet
231,Cucumber,Downy Mildew,"Yellowing leaves, small spots, and gradual leaf decline are observed.",The disease is associated with a plant pathogen and favorable environmental conditions.,Remove affected material and follow locally recommended disease-control practices.,"Use sanitation, proper spacing, clean planting material, and regular monitoring.",Leaf,Low,Poor airflow
232,Grape,Powdery Mildew,"White powdery growth develops on leaves, shoots, or fruit surfaces.",Fungal growth is favored by humid conditions and poor airflow.,Remove heavily affected tissue and apply a suitable fungicide.,"Provide good spacing, airflow, and balanced irrigation.",Leaf and Fruit,Moderate,Warm and humid
233,Wheat,Septoria Leaf Blotch,"Affected fruit or leaves show discoloration, spots, and reduced quality.","The condition may be caused by a fungal, bacterial, or viral pathogen.",Separate infected material and use disease-specific management recommended for the crop.,Start with healthy planting material and maintain field hygiene.,Leaf,High,Poor airflow
234,Banana,Anthracnose,"Dark sunken spots develop on leaves, stems, or fruit and may enlarge over time.",Fungal infection commonly spreads in warm and wet conditions.,Remove infected material and use an appropriate fungicide.,Use clean planting material and reduce moisture on plant surfaces.,Stem,Low,Excess moisture
235,Guava,Fruit Rot,"Yellowing leaves, small spots, and gradual leaf decline are observed.",The disease is associated with a plant pathogen and favorable environmental conditions.,Remove affected material and follow locally recommended disease-control practices.,"Use sanitation, proper spacing, clean planting material, and regular monitoring.",Fruit,Moderate,Poor airflow
236,Orange,Citrus Canker,Brown or dark lesions appear on leaves and may spread to nearby tissue.,Infection can develop when moisture and temperature conditions favor the pathogen.,Prune infected parts where appropriate and apply a suitable registered treatment.,"Improve ventilation, avoid unnecessary leaf wetness, and remove fallen debris.",Leaf,High,High humidity
237,Wheat,Stem Rust,Brown or dark lesions appear on leaves and may spread to nearby tissue.,Infection can develop when moisture and temperature conditions favor the pathogen.,Prune infected parts where appropriate and apply a suitable registered treatment.,"Improve ventilation, avoid unnecessary leaf wetness, and remove fallen debris.",Leaf and Fruit,Low,High humidity
238,Tomato,Late Blight,Water-soaked dark lesions spread quickly across leaves and stems.,A fungal-like pathogen spreads rapidly under cool and wet conditions.,Remove severely infected tissue and use a recommended fungicide.,Improve airflow and avoid prolonged leaf wetness.,Stem,High,High humidity
239,Banana,Panama Disease,"Yellowing leaves, small spots, and gradual leaf decline are observed.",The disease is associated with a plant pathogen and favorable environmental conditions.,Remove affected material and follow locally recommended disease-control practices.,"Use sanitation, proper spacing, clean planting material, and regular monitoring.",Leaf and Fruit,Moderate,Poor airflow
240,Apple,Black Rot,"Affected fruit or leaves show discoloration, spots, and reduced quality.","The condition may be caused by a fungal, bacterial, or viral pathogen.",Separate infected material and use disease-specific management recommended for the crop.,Start with healthy planting material and maintain field hygiene.,Leaf,Low,Excess moisture
241,Strawberry,Angular Leaf Spot,Brown or dark lesions appear on leaves and may spread to nearby tissue.,Infection can develop when moisture and temperature conditions favor the pathogen.,Prune infected parts where appropriate and apply a suitable registered treatment.,"Improve ventilation, avoid unnecessary leaf wetness, and remove fallen debris.",Stem,Severe,Cool and wet
242,Banana,Yellow Sigatoka,"Affected fruit or leaves show discoloration, spots, and reduced quality.","The condition may be caused by a fungal, bacterial, or viral pathogen.",Separate infected material and use disease-specific management recommended for the crop.,Start with healthy planting material and maintain field hygiene.,Leaf and Fruit,High,Excess moisture
243,Apple,Apple Scab,"Yellowing leaves, small spots, and gradual leaf decline are observed.",The disease is associated with a plant pathogen and favorable environmental conditions.,Remove affected material and follow locally recommended disease-control practices.,"Use sanitation, proper spacing, clean planting material, and regular monitoring.",Leaf and Fruit,Moderate,Warm and humid
244,Apple,Cedar Apple Rust,Brown or dark lesions appear on leaves and may spread to nearby tissue.,Infection can develop when moisture and temperature conditions favor the pathogen.,Prune infected parts where appropriate and apply a suitable registered treatment.,"Improve ventilation, avoid unnecessary leaf wetness, and remove fallen debris.",Root,Severe,Excess moisture
245,Bell Pepper,Anthracnose,"Dark sunken spots develop on leaves, stems, or fruit and may enlarge over time.",Fungal infection commonly spreads in warm and wet conditions.,Remove infected material and use an appropriate fungicide.,Use clean planting material and reduce moisture on plant surfaces.,Fruit,High,Excess moisture
246,Grape,Powdery Mildew,"White powdery growth develops on leaves, shoots, or fruit surfaces.",Fungal growth is favored by humid conditions and poor airflow.,Remove heavily affected tissue and apply a suitable fungicide.,"Provide good spacing, airflow, and balanced irrigation.",Leaf,Severe,High humidity
247,Wheat,Powdery Mildew,"White powdery growth develops on leaves, shoots, or fruit surfaces.",Fungal growth is favored by humid conditions and poor airflow.,Remove heavily affected tissue and apply a suitable fungicide.,"Provide good spacing, airflow, and balanced irrigation.",Leaf,High,Cool and wet
248,Pomegranate,Wilt,"Yellowing leaves, small spots, and gradual leaf decline are observed.",The disease is associated with a plant pathogen and favorable environmental conditions.,Remove affected material and follow locally recommended disease-control practices.,"Use sanitation, proper spacing, clean planting material, and regular monitoring.",Fruit,Low,High humidity
249,Strawberry,Powdery Mildew,"White powdery growth develops on leaves, shoots, or fruit surfaces.",Fungal growth is favored by humid conditions and poor airflow.,Remove heavily affected tissue and apply a suitable fungicide.,"Provide good spacing, airflow, and balanced irrigation.",Stem,High,High humidity
250,Grape,Black Rot,Brown or dark lesions appear on leaves and may spread to nearby tissue.,Infection can develop when moisture and temperature conditions favor the pathogen.,Prune infected parts where appropriate and apply a suitable registered treatment.,"Improve ventilation, avoid unnecessary leaf wetness, and remove fallen debris.",Fruit,Severe,Cool and wet
251,Pomegranate,Wilt,"Affected fruit or leaves show discoloration, spots, and reduced quality.","The condition may be caused by a fungal, bacterial, or viral pathogen.",Separate infected material and use disease-specific management recommended for the crop.,Start with healthy planting material and maintain field hygiene.,Leaf and Fruit,Moderate,Excess moisture
252,Banana,Panama Disease,Brown or dark lesions appear on leaves and may spread to nearby tissue.,Infection can develop when moisture and temperature conditions favor the pathogen.,Prune infected parts where appropriate and apply a suitable registered treatment.,"Improve ventilation, avoid unnecessary leaf wetness, and remove fallen debris.",Root,Low,Warm and humid
253,Bell Pepper,Bacterial Spot,Brown or dark lesions appear on leaves and may spread to nearby tissue.,Infection can develop when moisture and temperature conditions favor the pathogen.,Prune infected parts where appropriate and apply a suitable registered treatment.,"Improve ventilation, avoid unnecessary leaf wetness, and remove fallen debris.",Leaf and Fruit,Severe,Poor airflow
254,Chilli,Powdery Mildew,"White powdery growth develops on leaves, shoots, or fruit surfaces.",Fungal growth is favored by humid conditions and poor airflow.,Remove heavily affected tissue and apply a suitable fungicide.,"Provide good spacing, airflow, and balanced irrigation.",Root,Low,Warm and humid
255,Papaya,Powdery Mildew,"White powdery growth develops on leaves, shoots, or fruit surfaces.",Fungal growth is favored by humid conditions and poor airflow.,Remove heavily affected tissue and apply a suitable fungicide.,"Provide good spacing, airflow, and balanced irrigation.",Stem,Severe,Warm and humid
256,Chilli,Anthracnose,"Dark sunken spots develop on leaves, stems, or fruit and may enlarge over time.",Fungal infection commonly spreads in warm and wet conditions.,Remove infected material and use an appropriate fungicide.,Use clean planting material and reduce moisture on plant surfaces.,Root,Moderate,Excess moisture
257,Pomegranate,Wilt,"Yellowing leaves, small spots, and gradual leaf decline are observed.",The disease is associated with a plant pathogen and favorable environmental conditions.,Remove affected material and follow locally recommended disease-control practices.,"Use sanitation, proper spacing, clean planting material, and regular monitoring.",Stem,Severe,High humidity
258,Orange,Citrus Black Spot,"Yellowing leaves, small spots, and gradual leaf decline are observed.",The disease is associated with a plant pathogen and favorable environmental conditions.,Remove affected material and follow locally recommended disease-control practices.,"Use sanitation, proper spacing, clean planting material, and regular monitoring.",Leaf and Fruit,Low,Warm and humid
259,Watermelon,Powdery Mildew,"White powdery growth develops on leaves, shoots, or fruit surfaces.",Fungal growth is favored by humid conditions and poor airflow.,Remove heavily affected tissue and apply a suitable fungicide.,"Provide good spacing, airflow, and balanced irrigation.",Stem,Moderate,High humidity
260,Mango,Powdery Mildew,"White powdery growth develops on leaves, shoots, or fruit surfaces.",Fungal growth is favored by humid conditions and poor airflow.,Remove heavily affected tissue and apply a suitable fungicide.,"Provide good spacing, airflow, and balanced irrigation.",Fruit,Low,High humidity
261,Strawberry,Powdery Mildew,"White powdery growth develops on leaves, shoots, or fruit surfaces.",Fungal growth is favored by humid conditions and poor airflow.,Remove heavily affected tissue and apply a suitable fungicide.,"Provide good spacing, airflow, and balanced irrigation.",Leaf,Moderate,Cool and wet
262,Cucumber,Anthracnose,"Dark sunken spots develop on leaves, stems, or fruit and may enlarge over time.",Fungal infection commonly spreads in warm and wet conditions.,Remove infected material and use an appropriate fungicide.,Use clean planting material and reduce moisture on plant surfaces.,Leaf and Fruit,Severe,Excess moisture
263,Papaya,Anthracnose,"Dark sunken spots develop on leaves, stems, or fruit and may enlarge over time.",Fungal infection commonly spreads in warm and wet conditions.,Remove infected material and use an appropriate fungicide.,Use clean planting material and reduce moisture on plant surfaces.,Root,Moderate,Warm and humid
264,Cucumber,Anthracnose,"Dark sunken spots develop on leaves, stems, or fruit and may enlarge over time.",Fungal infection commonly spreads in warm and wet conditions.,Remove infected material and use an appropriate fungicide.,Use clean planting material and reduce moisture on plant surfaces.,Stem,High,Excess moisture
265,Potato,Bacterial Wilt,"Affected fruit or leaves show discoloration, spots, and reduced quality.","The condition may be caused by a fungal, bacterial, or viral pathogen.",Separate infected material and use disease-specific management recommended for the crop.,Start with healthy planting material and maintain field hygiene.,Stem,Low,Poor airflow
266,Bell Pepper,Bacterial Spot,"Yellowing leaves, small spots, and gradual leaf decline are observed.",The disease is associated with a plant pathogen and favorable environmental conditions.,Remove affected material and follow locally recommended disease-control practices.,"Use sanitation, proper spacing, clean planting material, and regular monitoring.",Stem,High,Warm and humid
267,Apple,Fire Blight,"Affected fruit or leaves show discoloration, spots, and reduced quality.","The condition may be caused by a fungal, bacterial, or viral pathogen.",Separate infected material and use disease-specific management recommended for the crop.,Start with healthy planting material and maintain field hygiene.,Root,Severe,Excess moisture
268,Rice,Blast,Brown or dark lesions appear on leaves and may spread to nearby tissue.,Infection can develop when moisture and temperature conditions favor the pathogen.,Prune infected parts where appropriate and apply a suitable registered treatment.,"Improve ventilation, avoid unnecessary leaf wetness, and remove fallen debris.",Stem,Moderate,Excess moisture
269,Cucumber,Fusarium Wilt,"Yellowing leaves, small spots, and gradual leaf decline are observed.",The disease is associated with a plant pathogen and favorable environmental conditions.,Remove affected material and follow locally recommended disease-control practices.,"Use sanitation, proper spacing, clean planting material, and regular monitoring.",Root,Low,Warm and humid
270,Papaya,Papaya Ringspot,"Affected fruit or leaves show discoloration, spots, and reduced quality.","The condition may be caused by a fungal, bacterial, or viral pathogen.",Separate infected material and use disease-specific management recommended for the crop.,Start with healthy planting material and maintain field hygiene.,Leaf,Moderate,Cool and wet
271,Bell Pepper,Anthracnose,"Dark sunken spots develop on leaves, stems, or fruit and may enlarge over time.",Fungal infection commonly spreads in warm and wet conditions.,Remove infected material and use an appropriate fungicide.,Use clean planting material and reduce moisture on plant surfaces.,Stem,Moderate,High humidity
272,Guava,Algal Leaf Spot,Brown or dark lesions appear on leaves and may spread to nearby tissue.,Infection can develop when moisture and temperature conditions favor the pathogen.,Prune infected parts where appropriate and apply a suitable registered treatment.,"Improve ventilation, avoid unnecessary leaf wetness, and remove fallen debris.",Leaf and Fruit,High,Warm and humid
273,Papaya,Papaya Ringspot,Brown or dark lesions appear on leaves and may spread to nearby tissue.,Infection can develop when moisture and temperature conditions favor the pathogen.,Prune infected parts where appropriate and apply a suitable registered treatment.,"Improve ventilation, avoid unnecessary leaf wetness, and remove fallen debris.",Leaf and Fruit,Low,Poor airflow
274,Guava,Fruit Rot,"Affected fruit or leaves show discoloration, spots, and reduced quality.","The condition may be caused by a fungal, bacterial, or viral pathogen.",Separate infected material and use disease-specific management recommended for the crop.,Start with healthy planting material and maintain field hygiene.,Stem,Moderate,Warm and humid
275,Wheat,Stem Rust,Brown or dark lesions appear on leaves and may spread to nearby tissue.,Infection can develop when moisture and temperature conditions favor the pathogen.,Prune infected parts where appropriate and apply a suitable registered treatment.,"Improve ventilation, avoid unnecessary leaf wetness, and remove fallen debris.",Root,High,Cool and wet
276,Maize,Northern Leaf Blight,Brown or dark lesions appear on leaves and may spread to nearby tissue.,Infection can develop when moisture and temperature conditions favor the pathogen.,Prune infected parts where appropriate and apply a suitable registered treatment.,"Improve ventilation, avoid unnecessary leaf wetness, and remove fallen debris.",Stem,Severe,Cool and wet
277,Watermelon,Anthracnose,"Dark sunken spots develop on leaves, stems, or fruit and may enlarge over time.",Fungal infection commonly spreads in warm and wet conditions.,Remove infected material and use an appropriate fungicide.,Use clean planting material and reduce moisture on plant surfaces.,Leaf and Fruit,Severe,High humidity
278,Tomato,Bacterial Spot,Brown or dark lesions appear on leaves and may spread to nearby tissue.,Infection can develop when moisture and temperature conditions favor the pathogen.,Prune infected parts where appropriate and apply a suitable registered treatment.,"Improve ventilation, avoid unnecessary leaf wetness, and remove fallen debris.",Fruit,Moderate,High humidity
279,Cucumber,Powdery Mildew,"White powdery growth develops on leaves, shoots, or fruit surfaces.",Fungal growth is favored by humid conditions and poor airflow.,Remove heavily affected tissue and apply a suitable fungicide.,"Provide good spacing, airflow, and balanced irrigation.",Fruit,Moderate,Cool and wet
280,Apple,Cedar Apple Rust,"Yellowing leaves, small spots, and gradual leaf decline are observed.",The disease is associated with a plant pathogen and favorable environmental conditions.,Remove affected material and follow locally recommended disease-control practices.,"Use sanitation, proper spacing, clean planting material, and regular monitoring.",Stem,Low,Excess moisture
281,Mango,Sooty Mold,Brown or dark lesions appear on leaves and may spread to nearby tissue.,Infection can develop when moisture and temperature conditions favor the pathogen.,Prune infected parts where appropriate and apply a suitable registered treatment.,"Improve ventilation, avoid unnecessary leaf wetness, and remove fallen debris.",Fruit,Moderate,Cool and wet
282,Maize,Common Rust,"Affected fruit or leaves show discoloration, spots, and reduced quality.","The condition may be caused by a fungal, bacterial, or viral pathogen.",Separate infected material and use disease-specific management recommended for the crop.,Start with healthy planting material and maintain field hygiene.,Leaf,Severe,Poor airflow
283,Banana,Black Sigatoka,Brown or dark lesions appear on leaves and may spread to nearby tissue.,Infection can develop when moisture and temperature conditions favor the pathogen.,Prune infected parts where appropriate and apply a suitable registered treatment.,"Improve ventilation, avoid unnecessary leaf wetness, and remove fallen debris.",Root,High,Cool and wet
284,Rice,Bacterial Leaf Blight,Brown or dark lesions appear on leaves and may spread to nearby tissue.,Infection can develop when moisture and temperature conditions favor the pathogen.,Prune infected parts where appropriate and apply a suitable registered treatment.,"Improve ventilation, avoid unnecessary leaf wetness, and remove fallen debris.",Fruit,Severe,High humidity
285,Wheat,Powdery Mildew,"White powdery growth develops on leaves, shoots, or fruit surfaces.",Fungal growth is favored by humid conditions and poor airflow.,Remove heavily affected tissue and apply a suitable fungicide.,"Provide good spacing, airflow, and balanced irrigation.",Stem,Severe,Poor airflow
286,Watermelon,Powdery Mildew,"White powdery growth develops on leaves, shoots, or fruit surfaces.",Fungal growth is favored by humid conditions and poor airflow.,Remove heavily affected tissue and apply a suitable fungicide.,"Provide good spacing, airflow, and balanced irrigation.",Fruit,Severe,Cool and wet
287,Maize,Common Rust,Brown or dark lesions appear on leaves and may spread to nearby tissue.,Infection can develop when moisture and temperature conditions favor the pathogen.,Prune infected parts where appropriate and apply a suitable registered treatment.,"Improve ventilation, avoid unnecessary leaf wetness, and remove fallen debris.",Root,Low,High humidity
288,Rice,Blast,"Affected fruit or leaves show discoloration, spots, and reduced quality.","The condition may be caused by a fungal, bacterial, or viral pathogen.",Separate infected material and use disease-specific management recommended for the crop.,Start with healthy planting material and maintain field hygiene.,Stem,Low,Warm and humid
289,Peach,Bacterial Spot,Brown or dark lesions appear on leaves and may spread to nearby tissue.,Infection can develop when moisture and temperature conditions favor the pathogen.,Prune infected parts where appropriate and apply a suitable registered treatment.,"Improve ventilation, avoid unnecessary leaf wetness, and remove fallen debris.",Root,Moderate,Warm and humid
290,Orange,Tristeza,Brown or dark lesions appear on leaves and may spread to nearby tissue.,Infection can develop when moisture and temperature conditions favor the pathogen.,Prune infected parts where appropriate and apply a suitable registered treatment.,"Improve ventilation, avoid unnecessary leaf wetness, and remove fallen debris.",Root,Low,Warm and humid
291,Pomegranate,Wilt,Brown or dark lesions appear on leaves and may spread to nearby tissue.,Infection can develop when moisture and temperature conditions favor the pathogen.,Prune infected parts where appropriate and apply a suitable registered treatment.,"Improve ventilation, avoid unnecessary leaf wetness, and remove fallen debris.",Root,Moderate,Warm and humid
292,Banana,Black Sigatoka,"Yellowing leaves, small spots, and gradual leaf decline are observed.",The disease is associated with a plant pathogen and favorable environmental conditions.,Remove affected material and follow locally recommended disease-control practices.,"Use sanitation, proper spacing, clean planting material, and regular monitoring.",Leaf,High,High humidity
293,Mango,Powdery Mildew,"White powdery growth develops on leaves, shoots, or fruit surfaces.",Fungal growth is favored by humid conditions and poor airflow.,Remove heavily affected tissue and apply a suitable fungicide.,"Provide good spacing, airflow, and balanced irrigation.",Stem,Low,Poor airflow
294,Mango,Dieback,Brown or dark lesions appear on leaves and may spread to nearby tissue.,Infection can develop when moisture and temperature conditions favor the pathogen.,Prune infected parts where appropriate and apply a suitable registered treatment.,"Improve ventilation, avoid unnecessary leaf wetness, and remove fallen debris.",Leaf,Low,Warm and humid
295,Lemon,Greasy Spot,"Yellowing leaves, small spots, and gradual leaf decline are observed.",The disease is associated with a plant pathogen and favorable environmental conditions.,Remove affected material and follow locally recommended disease-control practices.,"Use sanitation, proper spacing, clean planting material, and regular monitoring.",Leaf,Severe,High humidity
296,Orange,Citrus Black Spot,"Yellowing leaves, small spots, and gradual leaf decline are observed.",The disease is associated with a plant pathogen and favorable environmental conditions.,Remove affected material and follow locally recommended disease-control practices.,"Use sanitation, proper spacing, clean planting material, and regular monitoring.",Fruit,Low,Poor airflow
297,Maize,Downy Mildew,"Yellowing leaves, small spots, and gradual leaf decline are observed.",The disease is associated with a plant pathogen and favorable environmental conditions.,Remove affected material and follow locally recommended disease-control practices.,"Use sanitation, proper spacing, clean planting material, and regular monitoring.",Root,Low,Excess moisture
298,Rice,Blast,"Affected fruit or leaves show discoloration, spots, and reduced quality.","The condition may be caused by a fungal, bacterial, or viral pathogen.",Separate infected material and use disease-specific management recommended for the crop.,Start with healthy planting material and maintain field hygiene.,Fruit,Moderate,High humidity
299,Chilli,Anthracnose,"Dark sunken spots develop on leaves, stems, or fruit and may enlarge over time.",Fungal infection commonly spreads in warm and wet conditions.,Remove infected material and use an appropriate fungicide.,Use clean planting material and reduce moisture on plant surfaces.,Fruit,High,Excess moisture
300,Chilli,Bacterial Leaf Spot,"Affected fruit or leaves show discoloration, spots, and reduced quality.","The condition may be caused by a fungal, bacterial, or viral pathogen.",Separate infected material and use disease-specific management recommended for the crop.,Start with healthy planting material and maintain field hygiene.,Leaf and Fruit,Low,High humidity
301,Apple,Fire Blight,"Affected fruit or leaves show discoloration, spots, and reduced quality.","The condition may be caused by a fungal, bacterial, or viral pathogen.",Separate infected material and use disease-specific management recommended for the crop.,Start with healthy planting material and maintain field hygiene.,Root,Low,Poor airflow
302,Potato,Blackleg,Brown or dark lesions appear on leaves and may spread to nearby tissue.,Infection can develop when moisture and temperature conditions favor the pathogen.,Prune infected parts where appropriate and apply a suitable registered treatment.,"Improve ventilation, avoid unnecessary leaf wetness, and remove fallen debris.",Leaf,High,High humidity
303,Apple,Cedar Apple Rust,"Yellowing leaves, small spots, and gradual leaf decline are observed.",The disease is associated with a plant pathogen and favorable environmental conditions.,Remove affected material and follow locally recommended disease-control practices.,"Use sanitation, proper spacing, clean planting material, and regular monitoring.",Leaf and Fruit,Low,High humidity
304,Mango,Anthracnose,"Dark sunken spots develop on leaves, stems, or fruit and may enlarge over time.",Fungal infection commonly spreads in warm and wet conditions.,Remove infected material and use an appropriate fungicide.,Use clean planting material and reduce moisture on plant surfaces.,Leaf and Fruit,High,High humidity
305,Peach,Powdery Mildew,"White powdery growth develops on leaves, shoots, or fruit surfaces.",Fungal growth is favored by humid conditions and poor airflow.,Remove heavily affected tissue and apply a suitable fungicide.,"Provide good spacing, airflow, and balanced irrigation.",Fruit,Severe,Cool and wet
306,Apple,Powdery Mildew,"White powdery growth develops on leaves, shoots, or fruit surfaces.",Fungal growth is favored by humid conditions and poor airflow.,Remove heavily affected tissue and apply a suitable fungicide.,"Provide good spacing, airflow, and balanced irrigation.",Stem,Low,Cool and wet
307,Potato,Late Blight,Water-soaked dark lesions spread quickly across leaves and stems.,A fungal-like pathogen spreads rapidly under cool and wet conditions.,Remove severely infected tissue and use a recommended fungicide.,Improve airflow and avoid prolonged leaf wetness.,Stem,Low,High humidity
308,Watermelon,Fusarium Wilt,"Affected fruit or leaves show discoloration, spots, and reduced quality.","The condition may be caused by a fungal, bacterial, or viral pathogen.",Separate infected material and use disease-specific management recommended for the crop.,Start with healthy planting material and maintain field hygiene.,Stem,Severe,Warm and humid
309,Strawberry,Leaf Scorch,Brown or dark lesions appear on leaves and may spread to nearby tissue.,Infection can develop when moisture and temperature conditions favor the pathogen.,Prune infected parts where appropriate and apply a suitable registered treatment.,"Improve ventilation, avoid unnecessary leaf wetness, and remove fallen debris.",Stem,Low,High humidity
310,Grape,Powdery Mildew,"White powdery growth develops on leaves, shoots, or fruit surfaces.",Fungal growth is favored by humid conditions and poor airflow.,Remove heavily affected tissue and apply a suitable fungicide.,"Provide good spacing, airflow, and balanced irrigation.",Root,Severe,Poor airflow
311,Pomegranate,Leaf Spot,"Yellowing leaves, small spots, and gradual leaf decline are observed.",The disease is associated with a plant pathogen and favorable environmental conditions.,Remove affected material and follow locally recommended disease-control practices.,"Use sanitation, proper spacing, clean planting material, and regular monitoring.",Root,Severe,High humidity
312,Watermelon,Gummy Stem Blight,"Yellowing leaves, small spots, and gradual leaf decline are observed.",The disease is associated with a plant pathogen and favorable environmental conditions.,Remove affected material and follow locally recommended disease-control practices.,"Use sanitation, proper spacing, clean planting material, and regular monitoring.",Leaf,Severe,Poor airflow
313,Maize,Common Rust,"Affected fruit or leaves show discoloration, spots, and reduced quality.","The condition may be caused by a fungal, bacterial, or viral pathogen.",Separate infected material and use disease-specific management recommended for the crop.,Start with healthy planting material and maintain field hygiene.,Stem,High,Warm and humid
314,Apple,Cedar Apple Rust,"Affected fruit or leaves show discoloration, spots, and reduced quality.","The condition may be caused by a fungal, bacterial, or viral pathogen.",Separate infected material and use disease-specific management recommended for the crop.,Start with healthy planting material and maintain field hygiene.,Stem,High,Poor airflow
315,Maize,Downy Mildew,"Yellowing leaves, small spots, and gradual leaf decline are observed.",The disease is associated with a plant pathogen and favorable environmental conditions.,Remove affected material and follow locally recommended disease-control practices.,"Use sanitation, proper spacing, clean planting material, and regular monitoring.",Stem,Severe,Poor airflow
316,Potato,Bacterial Wilt,"Affected fruit or leaves show discoloration, spots, and reduced quality.","The condition may be caused by a fungal, bacterial, or viral pathogen.",Separate infected material and use disease-specific management recommended for the crop.,Start with healthy planting material and maintain field hygiene.,Stem,Severe,Warm and humid
317,Apple,Powdery Mildew,"White powdery growth develops on leaves, shoots, or fruit surfaces.",Fungal growth is favored by humid conditions and poor airflow.,Remove heavily affected tissue and apply a suitable fungicide.,"Provide good spacing, airflow, and balanced irrigation.",Leaf and Fruit,High,Cool and wet
318,Tomato,Late Blight,Water-soaked dark lesions spread quickly across leaves and stems.,A fungal-like pathogen spreads rapidly under cool and wet conditions.,Remove severely infected tissue and use a recommended fungicide.,Improve airflow and avoid prolonged leaf wetness.,Leaf,Severe,Cool and wet
319,Apple,Black Rot,"Affected fruit or leaves show discoloration, spots, and reduced quality.","The condition may be caused by a fungal, bacterial, or viral pathogen.",Separate infected material and use disease-specific management recommended for the crop.,Start with healthy planting material and maintain field hygiene.,Stem,High,Poor airflow
320,Wheat,Leaf Rust,"Affected fruit or leaves show discoloration, spots, and reduced quality.","The condition may be caused by a fungal, bacterial, or viral pathogen.",Separate infected material and use disease-specific management recommended for the crop.,Start with healthy planting material and maintain field hygiene.,Root,Moderate,High humidity
321,Banana,Anthracnose,"Dark sunken spots develop on leaves, stems, or fruit and may enlarge over time.",Fungal infection commonly spreads in warm and wet conditions.,Remove infected material and use an appropriate fungicide.,Use clean planting material and reduce moisture on plant surfaces.,Leaf and Fruit,Low,Cool and wet
322,Watermelon,Gummy Stem Blight,Brown or dark lesions appear on leaves and may spread to nearby tissue.,Infection can develop when moisture and temperature conditions favor the pathogen.,Prune infected parts where appropriate and apply a suitable registered treatment.,"Improve ventilation, avoid unnecessary leaf wetness, and remove fallen debris.",Stem,High,Cool and wet
323,Grape,Black Rot,"Affected fruit or leaves show discoloration, spots, and reduced quality.","The condition may be caused by a fungal, bacterial, or viral pathogen.",Separate infected material and use disease-specific management recommended for the crop.,Start with healthy planting material and maintain field hygiene.,Root,Moderate,Excess moisture
324,Pomegranate,Wilt,"Yellowing leaves, small spots, and gradual leaf decline are observed.",The disease is associated with a plant pathogen and favorable environmental conditions.,Remove affected material and follow locally recommended disease-control practices.,"Use sanitation, proper spacing, clean planting material, and regular monitoring.",Stem,High,Poor airflow
325,Strawberry,Anthracnose,"Dark sunken spots develop on leaves, stems, or fruit and may enlarge over time.",Fungal infection commonly spreads in warm and wet conditions.,Remove infected material and use an appropriate fungicide.,Use clean planting material and reduce moisture on plant surfaces.,Root,High,Cool and wet
326,Grape,Downy Mildew,"Yellowing leaves, small spots, and gradual leaf decline are observed.",The disease is associated with a plant pathogen and favorable environmental conditions.,Remove affected material and follow locally recommended disease-control practices.,"Use sanitation, proper spacing, clean planting material, and regular monitoring.",Fruit,Severe,Poor airflow
327,Apple,Cedar Apple Rust,"Affected fruit or leaves show discoloration, spots, and reduced quality.","The condition may be caused by a fungal, bacterial, or viral pathogen.",Separate infected material and use disease-specific management recommended for the crop.,Start with healthy planting material and maintain field hygiene.,Leaf,High,Excess moisture
328,Rice,Sheath Blight,Brown or dark lesions appear on leaves and may spread to nearby tissue.,Infection can develop when moisture and temperature conditions favor the pathogen.,Prune infected parts where appropriate and apply a suitable registered treatment.,"Improve ventilation, avoid unnecessary leaf wetness, and remove fallen debris.",Fruit,Moderate,High humidity
329,Watermelon,Downy Mildew,"Yellowing leaves, small spots, and gradual leaf decline are observed.",The disease is associated with a plant pathogen and favorable environmental conditions.,Remove affected material and follow locally recommended disease-control practices.,"Use sanitation, proper spacing, clean planting material, and regular monitoring.",Fruit,Moderate,Cool and wet
330,Cucumber,Downy Mildew,Brown or dark lesions appear on leaves and may spread to nearby tissue.,Infection can develop when moisture and temperature conditions favor the pathogen.,Prune infected parts where appropriate and apply a suitable registered treatment.,"Improve ventilation, avoid unnecessary leaf wetness, and remove fallen debris.",Root,High,Excess moisture
331,Mango,Sooty Mold,"Yellowing leaves, small spots, and gradual leaf decline are observed.",The disease is associated with a plant pathogen and favorable environmental conditions.,Remove affected material and follow locally recommended disease-control practices.,"Use sanitation, proper spacing, clean planting material, and regular monitoring.",Stem,Low,Poor airflow
332,Cucumber,Fusarium Wilt,Brown or dark lesions appear on leaves and may spread to nearby tissue.,Infection can develop when moisture and temperature conditions favor the pathogen.,Prune infected parts where appropriate and apply a suitable registered treatment.,"Improve ventilation, avoid unnecessary leaf wetness, and remove fallen debris.",Leaf and Fruit,Severe,Warm and humid
333,Mango,Bacterial Black Spot,"Affected fruit or leaves show discoloration, spots, and reduced quality.","The condition may be caused by a fungal, bacterial, or viral pathogen.",Separate infected material and use disease-specific management recommended for the crop.,Start with healthy planting material and maintain field hygiene.,Root,Low,Poor airflow
334,Watermelon,Gummy Stem Blight,"Yellowing leaves, small spots, and gradual leaf decline are observed.",The disease is associated with a plant pathogen and favorable environmental conditions.,Remove affected material and follow locally recommended disease-control practices.,"Use sanitation, proper spacing, clean planting material, and regular monitoring.",Fruit,Moderate,Poor airflow
335,Watermelon,Anthracnose,"Dark sunken spots develop on leaves, stems, or fruit and may enlarge over time.",Fungal infection commonly spreads in warm and wet conditions.,Remove infected material and use an appropriate fungicide.,Use clean planting material and reduce moisture on plant surfaces.,Leaf and Fruit,Low,Cool and wet
336,Guava,Wilt,"Yellowing leaves, small spots, and gradual leaf decline are observed.",The disease is associated with a plant pathogen and favorable environmental conditions.,Remove affected material and follow locally recommended disease-control practices.,"Use sanitation, proper spacing, clean planting material, and regular monitoring.",Fruit,High,High humidity
337,Watermelon,Gummy Stem Blight,"Yellowing leaves, small spots, and gradual leaf decline are observed.",The disease is associated with a plant pathogen and favorable environmental conditions.,Remove affected material and follow locally recommended disease-control practices.,"Use sanitation, proper spacing, clean planting material, and regular monitoring.",Fruit,High,Excess moisture
338,Lemon,Greasy Spot,"Affected fruit or leaves show discoloration, spots, and reduced quality.","The condition may be caused by a fungal, bacterial, or viral pathogen.",Separate infected material and use disease-specific management recommended for the crop.,Start with healthy planting material and maintain field hygiene.,Leaf and Fruit,High,Excess moisture
339,Apple,Fire Blight,"Affected fruit or leaves show discoloration, spots, and reduced quality.","The condition may be caused by a fungal, bacterial, or viral pathogen.",Separate infected material and use disease-specific management recommended for the crop.,Start with healthy planting material and maintain field hygiene.,Leaf and Fruit,Moderate,Excess moisture
340,Mango,Powdery Mildew,"White powdery growth develops on leaves, shoots, or fruit surfaces.",Fungal growth is favored by humid conditions and poor airflow.,Remove heavily affected tissue and apply a suitable fungicide.,"Provide good spacing, airflow, and balanced irrigation.",Leaf and Fruit,High,Warm and humid
341,Tomato,Early Blight,Dark brown circular lesions with concentric rings appear on older leaves.,"Fungal infection favored by warm, humid conditions.",Remove affected leaves and apply an appropriate fungicide.,"Maintain plant spacing, avoid overhead irrigation, and remove crop debris.",Leaf and Fruit,Low,High humidity
342,Strawberry,Anthracnose,"Dark sunken spots develop on leaves, stems, or fruit and may enlarge over time.",Fungal infection commonly spreads in warm and wet conditions.,Remove infected material and use an appropriate fungicide.,Use clean planting material and reduce moisture on plant surfaces.,Leaf and Fruit,Severe,Warm and humid
343,Cucumber,Fusarium Wilt,Brown or dark lesions appear on leaves and may spread to nearby tissue.,Infection can develop when moisture and temperature conditions favor the pathogen.,Prune infected parts where appropriate and apply a suitable registered treatment.,"Improve ventilation, avoid unnecessary leaf wetness, and remove fallen debris.",Root,High,Cool and wet
344,Pomegranate,Leaf Spot,Brown or dark lesions appear on leaves and may spread to nearby tissue.,Infection can develop when moisture and temperature conditions favor the pathogen.,Prune infected parts where appropriate and apply a suitable registered treatment.,"Improve ventilation, avoid unnecessary leaf wetness, and remove fallen debris.",Leaf,Low,Cool and wet
345,Bell Pepper,Anthracnose,"Dark sunken spots develop on leaves, stems, or fruit and may enlarge over time.",Fungal infection commonly spreads in warm and wet conditions.,Remove infected material and use an appropriate fungicide.,Use clean planting material and reduce moisture on plant surfaces.,Root,Severe,Cool and wet
346,Papaya,Root Rot,"Yellowing leaves, small spots, and gradual leaf decline are observed.",The disease is associated with a plant pathogen and favorable environmental conditions.,Remove affected material and follow locally recommended disease-control practices.,"Use sanitation, proper spacing, clean planting material, and regular monitoring.",Stem,High,High humidity
347,Pomegranate,Fruit Rot,Brown or dark lesions appear on leaves and may spread to nearby tissue.,Infection can develop when moisture and temperature conditions favor the pathogen.,Prune infected parts where appropriate and apply a suitable registered treatment.,"Improve ventilation, avoid unnecessary leaf wetness, and remove fallen debris.",Stem,Low,Cool and wet
348,Bell Pepper,Bacterial Spot,Brown or dark lesions appear on leaves and may spread to nearby tissue.,Infection can develop when moisture and temperature conditions favor the pathogen.,Prune infected parts where appropriate and apply a suitable registered treatment.,"Improve ventilation, avoid unnecessary leaf wetness, and remove fallen debris.",Fruit,Severe,Cool and wet
349,Grape,Black Rot,Brown or dark lesions appear on leaves and may spread to nearby tissue.,Infection can develop when moisture and temperature conditions favor the pathogen.,Prune infected parts where appropriate and apply a suitable registered treatment.,"Improve ventilation, avoid unnecessary leaf wetness, and remove fallen debris.",Leaf and Fruit,Severe,Poor airflow
350,Orange,Greasy Spot,Brown or dark lesions appear on leaves and may spread to nearby tissue.,Infection can develop when moisture and temperature conditions favor the pathogen.,Prune infected parts where appropriate and apply a suitable registered treatment.,"Improve ventilation, avoid unnecessary leaf wetness, and remove fallen debris.",Fruit,High,Cool and wet
351,Cucumber,Fusarium Wilt,Brown or dark lesions appear on leaves and may spread to nearby tissue.,Infection can develop when moisture and temperature conditions favor the pathogen.,Prune infected parts where appropriate and apply a suitable registered treatment.,"Improve ventilation, avoid unnecessary leaf wetness, and remove fallen debris.",Stem,Severe,Poor airflow
352,Tomato,Early Blight,Dark brown circular lesions with concentric rings appear on older leaves.,"Fungal infection favored by warm, humid conditions.",Remove affected leaves and apply an appropriate fungicide.,"Maintain plant spacing, avoid overhead irrigation, and remove crop debris.",Leaf and Fruit,Severe,Poor airflow
353,Orange,Greasy Spot,"Affected fruit or leaves show discoloration, spots, and reduced quality.","The condition may be caused by a fungal, bacterial, or viral pathogen.",Separate infected material and use disease-specific management recommended for the crop.,Start with healthy planting material and maintain field hygiene.,Leaf,High,Warm and humid
354,Guava,Algal Leaf Spot,"Affected fruit or leaves show discoloration, spots, and reduced quality.","The condition may be caused by a fungal, bacterial, or viral pathogen.",Separate infected material and use disease-specific management recommended for the crop.,Start with healthy planting material and maintain field hygiene.,Stem,Severe,Excess moisture
355,Tomato,Early Blight,Dark brown circular lesions with concentric rings appear on older leaves.,"Fungal infection favored by warm, humid conditions.",Remove affected leaves and apply an appropriate fungicide.,"Maintain plant spacing, avoid overhead irrigation, and remove crop debris.",Fruit,Severe,High humidity
356,Banana,Anthracnose,"Dark sunken spots develop on leaves, stems, or fruit and may enlarge over time.",Fungal infection commonly spreads in warm and wet conditions.,Remove infected material and use an appropriate fungicide.,Use clean planting material and reduce moisture on plant surfaces.,Leaf,High,Poor airflow
357,Potato,Viral Leaf Curl,"Affected fruit or leaves show discoloration, spots, and reduced quality.","The condition may be caused by a fungal, bacterial, or viral pathogen.",Separate infected material and use disease-specific management recommended for the crop.,Start with healthy planting material and maintain field hygiene.,Stem,Moderate,Excess moisture
358,Guava,Anthracnose,"Dark sunken spots develop on leaves, stems, or fruit and may enlarge over time.",Fungal infection commonly spreads in warm and wet conditions.,Remove infected material and use an appropriate fungicide.,Use clean planting material and reduce moisture on plant surfaces.,Leaf and Fruit,Severe,Poor airflow
359,Rice,Sheath Blight,"Affected fruit or leaves show discoloration, spots, and reduced quality.","The condition may be caused by a fungal, bacterial, or viral pathogen.",Separate infected material and use disease-specific management recommended for the crop.,Start with healthy planting material and maintain field hygiene.,Fruit,Low,Warm and humid
360,Pomegranate,Leaf Spot,Brown or dark lesions appear on leaves and may spread to nearby tissue.,Infection can develop when moisture and temperature conditions favor the pathogen.,Prune infected parts where appropriate and apply a suitable registered treatment.,"Improve ventilation, avoid unnecessary leaf wetness, and remove fallen debris.",Fruit,High,Cool and wet
361,Maize,Ear Rot,Brown or dark lesions appear on leaves and may spread to nearby tissue.,Infection can develop when moisture and temperature conditions favor the pathogen.,Prune infected parts where appropriate and apply a suitable registered treatment.,"Improve ventilation, avoid unnecessary leaf wetness, and remove fallen debris.",Leaf,Low,Warm and humid
362,Mango,Bacterial Black Spot,Brown or dark lesions appear on leaves and may spread to nearby tissue.,Infection can develop when moisture and temperature conditions favor the pathogen.,Prune infected parts where appropriate and apply a suitable registered treatment.,"Improve ventilation, avoid unnecessary leaf wetness, and remove fallen debris.",Fruit,Severe,Excess moisture
363,Watermelon,Downy Mildew,Brown or dark lesions appear on leaves and may spread to nearby tissue.,Infection can develop when moisture and temperature conditions favor the pathogen.,Prune infected parts where appropriate and apply a suitable registered treatment.,"Improve ventilation, avoid unnecessary leaf wetness, and remove fallen debris.",Fruit,High,Poor airflow
364,Maize,Gray Leaf Spot,"Affected fruit or leaves show discoloration, spots, and reduced quality.","The condition may be caused by a fungal, bacterial, or viral pathogen.",Separate infected material and use disease-specific management recommended for the crop.,Start with healthy planting material and maintain field hygiene.,Leaf and Fruit,High,Excess moisture
365,Rice,Brown Spot,"Affected fruit or leaves show discoloration, spots, and reduced quality.","The condition may be caused by a fungal, bacterial, or viral pathogen.",Separate infected material and use disease-specific management recommended for the crop.,Start with healthy planting material and maintain field hygiene.,Root,High,Warm and humid
366,Banana,Yellow Sigatoka,"Affected fruit or leaves show discoloration, spots, and reduced quality.","The condition may be caused by a fungal, bacterial, or viral pathogen.",Separate infected material and use disease-specific management recommended for the crop.,Start with healthy planting material and maintain field hygiene.,Root,Low,Excess moisture
367,Guava,Anthracnose,"Dark sunken spots develop on leaves, stems, or fruit and may enlarge over time.",Fungal infection commonly spreads in warm and wet conditions.,Remove infected material and use an appropriate fungicide.,Use clean planting material and reduce moisture on plant surfaces.,Stem,Severe,Excess moisture
368,Wheat,Stem Rust,"Affected fruit or leaves show discoloration, spots, and reduced quality.","The condition may be caused by a fungal, bacterial, or viral pathogen.",Separate infected material and use disease-specific management recommended for the crop.,Start with healthy planting material and maintain field hygiene.,Leaf and Fruit,Low,Poor airflow
369,Peach,Crown Gall,"Affected fruit or leaves show discoloration, spots, and reduced quality.","The condition may be caused by a fungal, bacterial, or viral pathogen.",Separate infected material and use disease-specific management recommended for the crop.,Start with healthy planting material and maintain field hygiene.,Fruit,Severe,Cool and wet
370,Potato,Viral Leaf Curl,"Affected fruit or leaves show discoloration, spots, and reduced quality.","The condition may be caused by a fungal, bacterial, or viral pathogen.",Separate infected material and use disease-specific management recommended for the crop.,Start with healthy planting material and maintain field hygiene.,Fruit,Low,Warm and humid
371,Bell Pepper,Powdery Mildew,"White powdery growth develops on leaves, shoots, or fruit surfaces.",Fungal growth is favored by humid conditions and poor airflow.,Remove heavily affected tissue and apply a suitable fungicide.,"Provide good spacing, airflow, and balanced irrigation.",Fruit,Severe,Poor airflow
372,Strawberry,Angular Leaf Spot,"Affected fruit or leaves show discoloration, spots, and reduced quality.","The condition may be caused by a fungal, bacterial, or viral pathogen.",Separate infected material and use disease-specific management recommended for the crop.,Start with healthy planting material and maintain field hygiene.,Leaf,Severe,Cool and wet
373,Watermelon,Downy Mildew,"Affected fruit or leaves show discoloration, spots, and reduced quality.","The condition may be caused by a fungal, bacterial, or viral pathogen.",Separate infected material and use disease-specific management recommended for the crop.,Start with healthy planting material and maintain field hygiene.,Root,High,Excess moisture
374,Pomegranate,Leaf Spot,"Yellowing leaves, small spots, and gradual leaf decline are observed.",The disease is associated with a plant pathogen and favorable environmental conditions.,Remove affected material and follow locally recommended disease-control practices.,"Use sanitation, proper spacing, clean planting material, and regular monitoring.",Leaf and Fruit,Severe,High humidity
375,Rice,Sheath Blight,"Affected fruit or leaves show discoloration, spots, and reduced quality.","The condition may be caused by a fungal, bacterial, or viral pathogen.",Separate infected material and use disease-specific management recommended for the crop.,Start with healthy planting material and maintain field hygiene.,Leaf and Fruit,High,Poor airflow
376,Strawberry,Powdery Mildew,"White powdery growth develops on leaves, shoots, or fruit surfaces.",Fungal growth is favored by humid conditions and poor airflow.,Remove heavily affected tissue and apply a suitable fungicide.,"Provide good spacing, airflow, and balanced irrigation.",Leaf and Fruit,High,High humidity
377,Orange,Citrus Black Spot,Brown or dark lesions appear on leaves and may spread to nearby tissue.,Infection can develop when moisture and temperature conditions favor the pathogen.,Prune infected parts where appropriate and apply a suitable registered treatment.,"Improve ventilation, avoid unnecessary leaf wetness, and remove fallen debris.",Root,Moderate,High humidity
378,Cucumber,Angular Leaf Spot,"Affected fruit or leaves show discoloration, spots, and reduced quality.","The condition may be caused by a fungal, bacterial, or viral pathogen.",Separate infected material and use disease-specific management recommended for the crop.,Start with healthy planting material and maintain field hygiene.,Stem,High,Warm and humid
379,Wheat,Septoria Leaf Blotch,Brown or dark lesions appear on leaves and may spread to nearby tissue.,Infection can develop when moisture and temperature conditions favor the pathogen.,Prune infected parts where appropriate and apply a suitable registered treatment.,"Improve ventilation, avoid unnecessary leaf wetness, and remove fallen debris.",Stem,Severe,Cool and wet
380,Guava,Anthracnose,"Dark sunken spots develop on leaves, stems, or fruit and may enlarge over time.",Fungal infection commonly spreads in warm and wet conditions.,Remove infected material and use an appropriate fungicide.,Use clean planting material and reduce moisture on plant surfaces.,Leaf,High,High humidity
381,Bell Pepper,Powdery Mildew,"White powdery growth develops on leaves, shoots, or fruit surfaces.",Fungal growth is favored by humid conditions and poor airflow.,Remove heavily affected tissue and apply a suitable fungicide.,"Provide good spacing, airflow, and balanced irrigation.",Fruit,Severe,Cool and wet
382,Rice,Sheath Blight,"Affected fruit or leaves show discoloration, spots, and reduced quality.","The condition may be caused by a fungal, bacterial, or viral pathogen.",Separate infected material and use disease-specific management recommended for the crop.,Start with healthy planting material and maintain field hygiene.,Fruit,High,Warm and humid
383,Maize,Ear Rot,"Yellowing leaves, small spots, and gradual leaf decline are observed.",The disease is associated with a plant pathogen and favorable environmental conditions.,Remove affected material and follow locally recommended disease-control practices.,"Use sanitation, proper spacing, clean planting material, and regular monitoring.",Leaf,Moderate,Excess moisture
384,Orange,Greasy Spot,"Yellowing leaves, small spots, and gradual leaf decline are observed.",The disease is associated with a plant pathogen and favorable environmental conditions.,Remove affected material and follow locally recommended disease-control practices.,"Use sanitation, proper spacing, clean planting material, and regular monitoring.",Root,Low,High humidity
385,Cucumber,Downy Mildew,"Affected fruit or leaves show discoloration, spots, and reduced quality.","The condition may be caused by a fungal, bacterial, or viral pathogen.",Separate infected material and use disease-specific management recommended for the crop.,Start with healthy planting material and maintain field hygiene.,Leaf,Moderate,Excess moisture
386,Peach,Powdery Mildew,"White powdery growth develops on leaves, shoots, or fruit surfaces.",Fungal growth is favored by humid conditions and poor airflow.,Remove heavily affected tissue and apply a suitable fungicide.,"Provide good spacing, airflow, and balanced irrigation.",Root,Severe,Cool and wet
387,Guava,Fruit Rot,Brown or dark lesions appear on leaves and may spread to nearby tissue.,Infection can develop when moisture and temperature conditions favor the pathogen.,Prune infected parts where appropriate and apply a suitable registered treatment.,"Improve ventilation, avoid unnecessary leaf wetness, and remove fallen debris.",Leaf,Low,Excess moisture
388,Orange,Sooty Mold,"Affected fruit or leaves show discoloration, spots, and reduced quality.","The condition may be caused by a fungal, bacterial, or viral pathogen.",Separate infected material and use disease-specific management recommended for the crop.,Start with healthy planting material and maintain field hygiene.,Fruit,Low,Poor airflow
389,Peach,Leaf Curl,Brown or dark lesions appear on leaves and may spread to nearby tissue.,Infection can develop when moisture and temperature conditions favor the pathogen.,Prune infected parts where appropriate and apply a suitable registered treatment.,"Improve ventilation, avoid unnecessary leaf wetness, and remove fallen debris.",Fruit,Severe,High humidity
390,Potato,Early Blight,Dark brown circular lesions with concentric rings appear on older leaves.,"Fungal infection favored by warm, humid conditions.",Remove affected leaves and apply an appropriate fungicide.,"Maintain plant spacing, avoid overhead irrigation, and remove crop debris.",Leaf and Fruit,High,Excess moisture
391,Grape,Powdery Mildew,"White powdery growth develops on leaves, shoots, or fruit surfaces.",Fungal growth is favored by humid conditions and poor airflow.,Remove heavily affected tissue and apply a suitable fungicide.,"Provide good spacing, airflow, and balanced irrigation.",Root,High,Excess moisture
392,Watermelon,Fusarium Wilt,"Yellowing leaves, small spots, and gradual leaf decline are observed.",The disease is associated with a plant pathogen and favorable environmental conditions.,Remove affected material and follow locally recommended disease-control practices.,"Use sanitation, proper spacing, clean planting material, and regular monitoring.",Stem,Severe,Cool and wet
393,Grape,Powdery Mildew,"White powdery growth develops on leaves, shoots, or fruit surfaces.",Fungal growth is favored by humid conditions and poor airflow.,Remove heavily affected tissue and apply a suitable fungicide.,"Provide good spacing, airflow, and balanced irrigation.",Root,Moderate,High humidity
394,Peach,Leaf Curl,"Affected fruit or leaves show discoloration, spots, and reduced quality.","The condition may be caused by a fungal, bacterial, or viral pathogen.",Separate infected material and use disease-specific management recommended for the crop.,Start with healthy planting material and maintain field hygiene.,Stem,High,Excess moisture
395,Strawberry,Powdery Mildew,"White powdery growth develops on leaves, shoots, or fruit surfaces.",Fungal growth is favored by humid conditions and poor airflow.,Remove heavily affected tissue and apply a suitable fungicide.,"Provide good spacing, airflow, and balanced irrigation.",Root,Severe,Excess moisture
396,Papaya,Papaya Ringspot,Brown or dark lesions appear on leaves and may spread to nearby tissue.,Infection can develop when moisture and temperature conditions favor the pathogen.,Prune infected parts where appropriate and apply a suitable registered treatment.,"Improve ventilation, avoid unnecessary leaf wetness, and remove fallen debris.",Fruit,Low,Cool and wet
397,Cucumber,Angular Leaf Spot,"Yellowing leaves, small spots, and gradual leaf decline are observed.",The disease is associated with a plant pathogen and favorable environmental conditions.,Remove affected material and follow locally recommended disease-control practices.,"Use sanitation, proper spacing, clean planting material, and regular monitoring.",Stem,Low,Poor airflow
398,Orange,Tristeza,Brown or dark lesions appear on leaves and may spread to nearby tissue.,Infection can develop when moisture and temperature conditions favor the pathogen.,Prune infected parts where appropriate and apply a suitable registered treatment.,"Improve ventilation, avoid unnecessary leaf wetness, and remove fallen debris.",Stem,High,Excess moisture
399,Wheat,Leaf Rust,Brown or dark lesions appear on leaves and may spread to nearby tissue.,Infection can develop when moisture and temperature conditions favor the pathogen.,Prune infected parts where appropriate and apply a suitable registered treatment.,"Improve ventilation, avoid unnecessary leaf wetness, and remove fallen debris.",Fruit,High,Warm and humid
400,Grape,Anthracnose,"Dark sunken spots develop on leaves, stems, or fruit and may enlarge over time.",Fungal infection commonly spreads in warm and wet conditions.,Remove infected material and use an appropriate fungicide.,Use clean planting material and reduce moisture on plant surfaces.,Fruit,High,Poor airflow
401,Watermelon,Gummy Stem Blight,"Affected fruit or leaves show discoloration, spots, and reduced quality.","The condition may be caused by a fungal, bacterial, or viral pathogen.",Separate infected material and use disease-specific management recommended for the crop.,Start with healthy planting material and maintain field hygiene.,Stem,Low,High humidity
402,Maize,Common Rust,"Yellowing leaves, small spots, and gradual leaf decline are observed.",The disease is associated with a plant pathogen and favorable environmental conditions.,Remove affected material and follow locally recommended disease-control practices.,"Use sanitation, proper spacing, clean planting material, and regular monitoring.",Root,Moderate,Cool and wet
403,Bell Pepper,Mosaic Virus,Brown or dark lesions appear on leaves and may spread to nearby tissue.,Infection can develop when moisture and temperature conditions favor the pathogen.,Prune infected parts where appropriate and apply a suitable registered treatment.,"Improve ventilation, avoid unnecessary leaf wetness, and remove fallen debris.",Leaf and Fruit,Severe,Poor airflow
404,Rice,Bacterial Leaf Blight,"Yellowing leaves, small spots, and gradual leaf decline are observed.",The disease is associated with a plant pathogen and favorable environmental conditions.,Remove affected material and follow locally recommended disease-control practices.,"Use sanitation, proper spacing, clean planting material, and regular monitoring.",Leaf and Fruit,Low,Poor airflow
405,Watermelon,Gummy Stem Blight,"Yellowing leaves, small spots, and gradual leaf decline are observed.",The disease is associated with a plant pathogen and favorable environmental conditions.,Remove affected material and follow locally recommended disease-control practices.,"Use sanitation, proper spacing, clean planting material, and regular monitoring.",Leaf,Low,Excess moisture
406,Watermelon,Downy Mildew,"Affected fruit or leaves show discoloration, spots, and reduced quality.","The condition may be caused by a fungal, bacterial, or viral pathogen.",Separate infected material and use disease-specific management recommended for the crop.,Start with healthy planting material and maintain field hygiene.,Fruit,Moderate,High humidity
407,Watermelon,Fusarium Wilt,"Yellowing leaves, small spots, and gradual leaf decline are observed.",The disease is associated with a plant pathogen and favorable environmental conditions.,Remove affected material and follow locally recommended disease-control practices.,"Use sanitation, proper spacing, clean planting material, and regular monitoring.",Leaf and Fruit,Moderate,Poor airflow
408,Apple,Fire Blight,Brown or dark lesions appear on leaves and may spread to nearby tissue.,Infection can develop when moisture and temperature conditions favor the pathogen.,Prune infected parts where appropriate and apply a suitable registered treatment.,"Improve ventilation, avoid unnecessary leaf wetness, and remove fallen debris.",Root,Low,Cool and wet
409,Watermelon,Fusarium Wilt,Brown or dark lesions appear on leaves and may spread to nearby tissue.,Infection can develop when moisture and temperature conditions favor the pathogen.,Prune infected parts where appropriate and apply a suitable registered treatment.,"Improve ventilation, avoid unnecessary leaf wetness, and remove fallen debris.",Leaf and Fruit,Low,Poor airflow
410,Guava,Anthracnose,"Dark sunken spots develop on leaves, stems, or fruit and may enlarge over time.",Fungal infection commonly spreads in warm and wet conditions.,Remove infected material and use an appropriate fungicide.,Use clean planting material and reduce moisture on plant surfaces.,Stem,Severe,Warm and humid
411,Strawberry,Anthracnose,"Dark sunken spots develop on leaves, stems, or fruit and may enlarge over time.",Fungal infection commonly spreads in warm and wet conditions.,Remove infected material and use an appropriate fungicide.,Use clean planting material and reduce moisture on plant surfaces.,Leaf,Low,Poor airflow
412,Banana,Panama Disease,"Affected fruit or leaves show discoloration, spots, and reduced quality.","The condition may be caused by a fungal, bacterial, or viral pathogen.",Separate infected material and use disease-specific management recommended for the crop.,Start with healthy planting material and maintain field hygiene.,Leaf,Low,Poor airflow
413,Potato,Bacterial Wilt,Brown or dark lesions appear on leaves and may spread to nearby tissue.,Infection can develop when moisture and temperature conditions favor the pathogen.,Prune infected parts where appropriate and apply a suitable registered treatment.,"Improve ventilation, avoid unnecessary leaf wetness, and remove fallen debris.",Fruit,Moderate,Poor airflow
414,Banana,Anthracnose,"Dark sunken spots develop on leaves, stems, or fruit and may enlarge over time.",Fungal infection commonly spreads in warm and wet conditions.,Remove infected material and use an appropriate fungicide.,Use clean planting material and reduce moisture on plant surfaces.,Root,Severe,Poor airflow
415,Apple,Fire Blight,"Yellowing leaves, small spots, and gradual leaf decline are observed.",The disease is associated with a plant pathogen and favorable environmental conditions.,Remove affected material and follow locally recommended disease-control practices.,"Use sanitation, proper spacing, clean planting material, and regular monitoring.",Leaf,High,Cool and wet
416,Rice,Brown Spot,"Affected fruit or leaves show discoloration, spots, and reduced quality.","The condition may be caused by a fungal, bacterial, or viral pathogen.",Separate infected material and use disease-specific management recommended for the crop.,Start with healthy planting material and maintain field hygiene.,Fruit,Moderate,Warm and humid
417,Tomato,Bacterial Spot,Brown or dark lesions appear on leaves and may spread to nearby tissue.,Infection can develop when moisture and temperature conditions favor the pathogen.,Prune infected parts where appropriate and apply a suitable registered treatment.,"Improve ventilation, avoid unnecessary leaf wetness, and remove fallen debris.",Leaf and Fruit,Severe,Poor airflow
418,Orange,Greasy Spot,Brown or dark lesions appear on leaves and may spread to nearby tissue.,Infection can develop when moisture and temperature conditions favor the pathogen.,Prune infected parts where appropriate and apply a suitable registered treatment.,"Improve ventilation, avoid unnecessary leaf wetness, and remove fallen debris.",Fruit,High,High humidity
419,Strawberry,Gray Mold,"Yellowing leaves, small spots, and gradual leaf decline are observed.",The disease is associated with a plant pathogen and favorable environmental conditions.,Remove affected material and follow locally recommended disease-control practices.,"Use sanitation, proper spacing, clean planting material, and regular monitoring.",Leaf and Fruit,Severe,Warm and humid
420,Orange,Greasy Spot,"Yellowing leaves, small spots, and gradual leaf decline are observed.",The disease is associated with a plant pathogen and favorable environmental conditions.,Remove affected material and follow locally recommended disease-control practices.,"Use sanitation, proper spacing, clean planting material, and regular monitoring.",Leaf and Fruit,Low,Warm and humid
421,Bell Pepper,Mosaic Virus,"Affected fruit or leaves show discoloration, spots, and reduced quality.","The condition may be caused by a fungal, bacterial, or viral pathogen.",Separate infected material and use disease-specific management recommended for the crop.,Start with healthy planting material and maintain field hygiene.,Fruit,Low,Warm and humid
422,Pomegranate,Anthracnose,"Dark sunken spots develop on leaves, stems, or fruit and may enlarge over time.",Fungal infection commonly spreads in warm and wet conditions.,Remove infected material and use an appropriate fungicide.,Use clean planting material and reduce moisture on plant surfaces.,Leaf and Fruit,Moderate,Cool and wet
423,Potato,Late Blight,Water-soaked dark lesions spread quickly across leaves and stems.,A fungal-like pathogen spreads rapidly under cool and wet conditions.,Remove severely infected tissue and use a recommended fungicide.,Improve airflow and avoid prolonged leaf wetness.,Fruit,High,Excess moisture
424,Papaya,Root Rot,"Affected fruit or leaves show discoloration, spots, and reduced quality.","The condition may be caused by a fungal, bacterial, or viral pathogen.",Separate infected material and use disease-specific management recommended for the crop.,Start with healthy planting material and maintain field hygiene.,Fruit,High,High humidity
425,Mango,Sooty Mold,"Yellowing leaves, small spots, and gradual leaf decline are observed.",The disease is associated with a plant pathogen and favorable environmental conditions.,Remove affected material and follow locally recommended disease-control practices.,"Use sanitation, proper spacing, clean planting material, and regular monitoring.",Stem,Severe,High humidity
426,Potato,Viral Leaf Curl,"Affected fruit or leaves show discoloration, spots, and reduced quality.","The condition may be caused by a fungal, bacterial, or viral pathogen.",Separate infected material and use disease-specific management recommended for the crop.,Start with healthy planting material and maintain field hygiene.,Root,Moderate,Excess moisture
427,Cucumber,Downy Mildew,Brown or dark lesions appear on leaves and may spread to nearby tissue.,Infection can develop when moisture and temperature conditions favor the pathogen.,Prune infected parts where appropriate and apply a suitable registered treatment.,"Improve ventilation, avoid unnecessary leaf wetness, and remove fallen debris.",Leaf and Fruit,Severe,High humidity
428,Chilli,Leaf Curl,"Yellowing leaves, small spots, and gradual leaf decline are observed.",The disease is associated with a plant pathogen and favorable environmental conditions.,Remove affected material and follow locally recommended disease-control practices.,"Use sanitation, proper spacing, clean planting material, and regular monitoring.",Root,High,Cool and wet
429,Rice,Brown Spot,"Yellowing leaves, small spots, and gradual leaf decline are observed.",The disease is associated with a plant pathogen and favorable environmental conditions.,Remove affected material and follow locally recommended disease-control practices.,"Use sanitation, proper spacing, clean planting material, and regular monitoring.",Stem,Moderate,Cool and wet
430,Bell Pepper,Bacterial Spot,"Affected fruit or leaves show discoloration, spots, and reduced quality.","The condition may be caused by a fungal, bacterial, or viral pathogen.",Separate infected material and use disease-specific management recommended for the crop.,Start with healthy planting material and maintain field hygiene.,Root,Severe,Excess moisture
431,Watermelon,Downy Mildew,Brown or dark lesions appear on leaves and may spread to nearby tissue.,Infection can develop when moisture and temperature conditions favor the pathogen.,Prune infected parts where appropriate and apply a suitable registered treatment.,"Improve ventilation, avoid unnecessary leaf wetness, and remove fallen debris.",Stem,Moderate,Cool and wet
432,Papaya,Papaya Ringspot,Brown or dark lesions appear on leaves and may spread to nearby tissue.,Infection can develop when moisture and temperature conditions favor the pathogen.,Prune infected parts where appropriate and apply a suitable registered treatment.,"Improve ventilation, avoid unnecessary leaf wetness, and remove fallen debris.",Leaf,High,Excess moisture
433,Strawberry,Gray Mold,Brown or dark lesions appear on leaves and may spread to nearby tissue.,Infection can develop when moisture and temperature conditions favor the pathogen.,Prune infected parts where appropriate and apply a suitable registered treatment.,"Improve ventilation, avoid unnecessary leaf wetness, and remove fallen debris.",Leaf and Fruit,Severe,Excess moisture
434,Potato,Early Blight,Dark brown circular lesions with concentric rings appear on older leaves.,"Fungal infection favored by warm, humid conditions.",Remove affected leaves and apply an appropriate fungicide.,"Maintain plant spacing, avoid overhead irrigation, and remove crop debris.",Leaf and Fruit,Moderate,Excess moisture
435,Strawberry,Angular Leaf Spot,"Yellowing leaves, small spots, and gradual leaf decline are observed.",The disease is associated with a plant pathogen and favorable environmental conditions.,Remove affected material and follow locally recommended disease-control practices.,"Use sanitation, proper spacing, clean planting material, and regular monitoring.",Stem,High,Warm and humid
436,Strawberry,Powdery Mildew,"White powdery growth develops on leaves, shoots, or fruit surfaces.",Fungal growth is favored by humid conditions and poor airflow.,Remove heavily affected tissue and apply a suitable fungicide.,"Provide good spacing, airflow, and balanced irrigation.",Root,Low,Cool and wet
437,Maize,Common Rust,Brown or dark lesions appear on leaves and may spread to nearby tissue.,Infection can develop when moisture and temperature conditions favor the pathogen.,Prune infected parts where appropriate and apply a suitable registered treatment.,"Improve ventilation, avoid unnecessary leaf wetness, and remove fallen debris.",Leaf and Fruit,Moderate,High humidity
438,Guava,Algal Leaf Spot,Brown or dark lesions appear on leaves and may spread to nearby tissue.,Infection can develop when moisture and temperature conditions favor the pathogen.,Prune infected parts where appropriate and apply a suitable registered treatment.,"Improve ventilation, avoid unnecessary leaf wetness, and remove fallen debris.",Stem,High,High humidity
439,Banana,Bunchy Top,Brown or dark lesions appear on leaves and may spread to nearby tissue.,Infection can develop when moisture and temperature conditions favor the pathogen.,Prune infected parts where appropriate and apply a suitable registered treatment.,"Improve ventilation, avoid unnecessary leaf wetness, and remove fallen debris.",Leaf,Severe,Poor airflow
440,Papaya,Powdery Mildew,"White powdery growth develops on leaves, shoots, or fruit surfaces.",Fungal growth is favored by humid conditions and poor airflow.,Remove heavily affected tissue and apply a suitable fungicide.,"Provide good spacing, airflow, and balanced irrigation.",Stem,High,Poor airflow
441,Potato,Viral Leaf Curl,"Yellowing leaves, small spots, and gradual leaf decline are observed.",The disease is associated with a plant pathogen and favorable environmental conditions.,Remove affected material and follow locally recommended disease-control practices.,"Use sanitation, proper spacing, clean planting material, and regular monitoring.",Leaf,Moderate,High humidity
442,Rice,Tungro,"Affected fruit or leaves show discoloration, spots, and reduced quality.","The condition may be caused by a fungal, bacterial, or viral pathogen.",Separate infected material and use disease-specific management recommended for the crop.,Start with healthy planting material and maintain field hygiene.,Stem,Severe,Cool and wet
443,Strawberry,Leaf Scorch,"Yellowing leaves, small spots, and gradual leaf decline are observed.",The disease is associated with a plant pathogen and favorable environmental conditions.,Remove affected material and follow locally recommended disease-control practices.,"Use sanitation, proper spacing, clean planting material, and regular monitoring.",Leaf and Fruit,Severe,Cool and wet
444,Cucumber,Fusarium Wilt,"Affected fruit or leaves show discoloration, spots, and reduced quality.","The condition may be caused by a fungal, bacterial, or viral pathogen.",Separate infected material and use disease-specific management recommended for the crop.,Start with healthy planting material and maintain field hygiene.,Stem,High,Poor airflow
445,Cucumber,Anthracnose,"Dark sunken spots develop on leaves, stems, or fruit and may enlarge over time.",Fungal infection commonly spreads in warm and wet conditions.,Remove infected material and use an appropriate fungicide.,Use clean planting material and reduce moisture on plant surfaces.,Stem,Moderate,Cool and wet
446,Mango,Sooty Mold,Brown or dark lesions appear on leaves and may spread to nearby tissue.,Infection can develop when moisture and temperature conditions favor the pathogen.,Prune infected parts where appropriate and apply a suitable registered treatment.,"Improve ventilation, avoid unnecessary leaf wetness, and remove fallen debris.",Leaf and Fruit,Moderate,Warm and humid
447,Watermelon,Anthracnose,"Dark sunken spots develop on leaves, stems, or fruit and may enlarge over time.",Fungal infection commonly spreads in warm and wet conditions.,Remove infected material and use an appropriate fungicide.,Use clean planting material and reduce moisture on plant surfaces.,Leaf,Low,Warm and humid
448,Chilli,Bacterial Leaf Spot,"Affected fruit or leaves show discoloration, spots, and reduced quality.","The condition may be caused by a fungal, bacterial, or viral pathogen.",Separate infected material and use disease-specific management recommended for the crop.,Start with healthy planting material and maintain field hygiene.,Leaf,Moderate,Cool and wet
449,Tomato,Late Blight,Water-soaked dark lesions spread quickly across leaves and stems.,A fungal-like pathogen spreads rapidly under cool and wet conditions.,Remove severely infected tissue and use a recommended fungicide.,Improve airflow and avoid prolonged leaf wetness.,Stem,Severe,Warm and humid
450,Maize,Ear Rot,Brown or dark lesions appear on leaves and may spread to nearby tissue.,Infection can develop when moisture and temperature conditions favor the pathogen.,Prune infected parts where appropriate and apply a suitable registered treatment.,"Improve ventilation, avoid unnecessary leaf wetness, and remove fallen debris.",Leaf,Severe,Warm and humid
451,Rice,Tungro,Brown or dark lesions appear on leaves and may spread to nearby tissue.,Infection can develop when moisture and temperature conditions favor the pathogen.,Prune infected parts where appropriate and apply a suitable registered treatment.,"Improve ventilation, avoid unnecessary leaf wetness, and remove fallen debris.",Leaf,Low,Excess moisture
452,Lemon,Root Rot,Brown or dark lesions appear on leaves and may spread to nearby tissue.,Infection can develop when moisture and temperature conditions favor the pathogen.,Prune infected parts where appropriate and apply a suitable registered treatment.,"Improve ventilation, avoid unnecessary leaf wetness, and remove fallen debris.",Leaf and Fruit,Low,Poor airflow
453,Peach,Leaf Curl,"Yellowing leaves, small spots, and gradual leaf decline are observed.",The disease is associated with a plant pathogen and favorable environmental conditions.,Remove affected material and follow locally recommended disease-control practices.,"Use sanitation, proper spacing, clean planting material, and regular monitoring.",Fruit,Moderate,Cool and wet
454,Maize,Ear Rot,Brown or dark lesions appear on leaves and may spread to nearby tissue.,Infection can develop when moisture and temperature conditions favor the pathogen.,Prune infected parts where appropriate and apply a suitable registered treatment.,"Improve ventilation, avoid unnecessary leaf wetness, and remove fallen debris.",Stem,High,Poor airflow
455,Apple,Cedar Apple Rust,Brown or dark lesions appear on leaves and may spread to nearby tissue.,Infection can develop when moisture and temperature conditions favor the pathogen.,Prune infected parts where appropriate and apply a suitable registered treatment.,"Improve ventilation, avoid unnecessary leaf wetness, and remove fallen debris.",Leaf and Fruit,Severe,Cool and wet
456,Orange,Citrus Black Spot,"Affected fruit or leaves show discoloration, spots, and reduced quality.","The condition may be caused by a fungal, bacterial, or viral pathogen.",Separate infected material and use disease-specific management recommended for the crop.,Start with healthy planting material and maintain field hygiene.,Leaf,Low,Warm and humid
457,Pomegranate,Anthracnose,"Dark sunken spots develop on leaves, stems, or fruit and may enlarge over time.",Fungal infection commonly spreads in warm and wet conditions.,Remove infected material and use an appropriate fungicide.,Use clean planting material and reduce moisture on plant surfaces.,Leaf and Fruit,Severe,Poor airflow
458,Potato,Early Blight,Dark brown circular lesions with concentric rings appear on older leaves.,"Fungal infection favored by warm, humid conditions.",Remove affected leaves and apply an appropriate fungicide.,"Maintain plant spacing, avoid overhead irrigation, and remove crop debris.",Leaf,Moderate,Poor airflow
459,Chilli,Powdery Mildew,"White powdery growth develops on leaves, shoots, or fruit surfaces.",Fungal growth is favored by humid conditions and poor airflow.,Remove heavily affected tissue and apply a suitable fungicide.,"Provide good spacing, airflow, and balanced irrigation.",Leaf and Fruit,Low,Warm and humid
460,Orange,Greasy Spot,"Affected fruit or leaves show discoloration, spots, and reduced quality.","The condition may be caused by a fungal, bacterial, or viral pathogen.",Separate infected material and use disease-specific management recommended for the crop.,Start with healthy planting material and maintain field hygiene.,Stem,Severe,Warm and humid
461,Apple,Cedar Apple Rust,"Affected fruit or leaves show discoloration, spots, and reduced quality.","The condition may be caused by a fungal, bacterial, or viral pathogen.",Separate infected material and use disease-specific management recommended for the crop.,Start with healthy planting material and maintain field hygiene.,Fruit,Low,High humidity
462,Tomato,Late Blight,Water-soaked dark lesions spread quickly across leaves and stems.,A fungal-like pathogen spreads rapidly under cool and wet conditions.,Remove severely infected tissue and use a recommended fungicide.,Improve airflow and avoid prolonged leaf wetness.,Root,Moderate,Warm and humid
463,Guava,Wilt,"Affected fruit or leaves show discoloration, spots, and reduced quality.","The condition may be caused by a fungal, bacterial, or viral pathogen.",Separate infected material and use disease-specific management recommended for the crop.,Start with healthy planting material and maintain field hygiene.,Leaf and Fruit,Moderate,Poor airflow
464,Rice,Sheath Blight,Brown or dark lesions appear on leaves and may spread to nearby tissue.,Infection can develop when moisture and temperature conditions favor the pathogen.,Prune infected parts where appropriate and apply a suitable registered treatment.,"Improve ventilation, avoid unnecessary leaf wetness, and remove fallen debris.",Leaf,Moderate,Excess moisture
465,Banana,Panama Disease,"Yellowing leaves, small spots, and gradual leaf decline are observed.",The disease is associated with a plant pathogen and favorable environmental conditions.,Remove affected material and follow locally recommended disease-control practices.,"Use sanitation, proper spacing, clean planting material, and regular monitoring.",Fruit,Severe,Warm and humid
466,Papaya,Root Rot,"Affected fruit or leaves show discoloration, spots, and reduced quality.","The condition may be caused by a fungal, bacterial, or viral pathogen.",Separate infected material and use disease-specific management recommended for the crop.,Start with healthy planting material and maintain field hygiene.,Stem,Severe,Warm and humid
467,Lemon,Anthracnose,"Dark sunken spots develop on leaves, stems, or fruit and may enlarge over time.",Fungal infection commonly spreads in warm and wet conditions.,Remove infected material and use an appropriate fungicide.,Use clean planting material and reduce moisture on plant surfaces.,Fruit,Severe,High humidity
468,Rice,Brown Spot,Brown or dark lesions appear on leaves and may spread to nearby tissue.,Infection can develop when moisture and temperature conditions favor the pathogen.,Prune infected parts where appropriate and apply a suitable registered treatment.,"Improve ventilation, avoid unnecessary leaf wetness, and remove fallen debris.",Leaf and Fruit,Moderate,Poor airflow
469,Apple,Fire Blight,Brown or dark lesions appear on leaves and may spread to nearby tissue.,Infection can develop when moisture and temperature conditions favor the pathogen.,Prune infected parts where appropriate and apply a suitable registered treatment.,"Improve ventilation, avoid unnecessary leaf wetness, and remove fallen debris.",Leaf,Moderate,Warm and humid
470,Lemon,Greasy Spot,Brown or dark lesions appear on leaves and may spread to nearby tissue.,Infection can develop when moisture and temperature conditions favor the pathogen.,Prune infected parts where appropriate and apply a suitable registered treatment.,"Improve ventilation, avoid unnecessary leaf wetness, and remove fallen debris.",Root,Moderate,High humidity
471,Banana,Panama Disease,"Yellowing leaves, small spots, and gradual leaf decline are observed.",The disease is associated with a plant pathogen and favorable environmental conditions.,Remove affected material and follow locally recommended disease-control practices.,"Use sanitation, proper spacing, clean planting material, and regular monitoring.",Stem,Low,Poor airflow
472,Banana,Yellow Sigatoka,"Yellowing leaves, small spots, and gradual leaf decline are observed.",The disease is associated with a plant pathogen and favorable environmental conditions.,Remove affected material and follow locally recommended disease-control practices.,"Use sanitation, proper spacing, clean planting material, and regular monitoring.",Leaf,Moderate,Cool and wet
473,Chilli,Leaf Curl,"Affected fruit or leaves show discoloration, spots, and reduced quality.","The condition may be caused by a fungal, bacterial, or viral pathogen.",Separate infected material and use disease-specific management recommended for the crop.,Start with healthy planting material and maintain field hygiene.,Leaf,Severe,Warm and humid
474,Apple,Cedar Apple Rust,"Affected fruit or leaves show discoloration, spots, and reduced quality.","The condition may be caused by a fungal, bacterial, or viral pathogen.",Separate infected material and use disease-specific management recommended for the crop.,Start with healthy planting material and maintain field hygiene.,Leaf and Fruit,Low,Excess moisture
475,Papaya,Black Spot,"Yellowing leaves, small spots, and gradual leaf decline are observed.",The disease is associated with a plant pathogen and favorable environmental conditions.,Remove affected material and follow locally recommended disease-control practices.,"Use sanitation, proper spacing, clean planting material, and regular monitoring.",Root,High,Poor airflow
476,Apple,Fire Blight,"Yellowing leaves, small spots, and gradual leaf decline are observed.",The disease is associated with a plant pathogen and favorable environmental conditions.,Remove affected material and follow locally recommended disease-control practices.,"Use sanitation, proper spacing, clean planting material, and regular monitoring.",Root,Moderate,Cool and wet
477,Mango,Bacterial Black Spot,Brown or dark lesions appear on leaves and may spread to nearby tissue.,Infection can develop when moisture and temperature conditions favor the pathogen.,Prune infected parts where appropriate and apply a suitable registered treatment.,"Improve ventilation, avoid unnecessary leaf wetness, and remove fallen debris.",Root,High,Cool and wet
478,Apple,Black Rot,Brown or dark lesions appear on leaves and may spread to nearby tissue.,Infection can develop when moisture and temperature conditions favor the pathogen.,Prune infected parts where appropriate and apply a suitable registered treatment.,"Improve ventilation, avoid unnecessary leaf wetness, and remove fallen debris.",Root,High,High humidity
479,Cucumber,Downy Mildew,Brown or dark lesions appear on leaves and may spread to nearby tissue.,Infection can develop when moisture and temperature conditions favor the pathogen.,Prune infected parts where appropriate and apply a suitable registered treatment.,"Improve ventilation, avoid unnecessary leaf wetness, and remove fallen debris.",Fruit,High,Poor airflow
480,Maize,Ear Rot,"Yellowing leaves, small spots, and gradual leaf decline are observed.",The disease is associated with a plant pathogen and favorable environmental conditions.,Remove affected material and follow locally recommended disease-control practices.,"Use sanitation, proper spacing, clean planting material, and regular monitoring.",Leaf,Severe,Cool and wet
481,Guava,Anthracnose,"Dark sunken spots develop on leaves, stems, or fruit and may enlarge over time.",Fungal infection commonly spreads in warm and wet conditions.,Remove infected material and use an appropriate fungicide.,Use clean planting material and reduce moisture on plant surfaces.,Stem,Severe,Excess moisture
482,Pomegranate,Leaf Spot,Brown or dark lesions appear on leaves and may spread to nearby tissue.,Infection can develop when moisture and temperature conditions favor the pathogen.,Prune infected parts where appropriate and apply a suitable registered treatment.,"Improve ventilation, avoid unnecessary leaf wetness, and remove fallen debris.",Root,High,Excess moisture
483,Mango,Bacterial Black Spot,Brown or dark lesions appear on leaves and may spread to nearby tissue.,Infection can develop when moisture and temperature conditions favor the pathogen.,Prune infected parts where appropriate and apply a suitable registered treatment.,"Improve ventilation, avoid unnecessary leaf wetness, and remove fallen debris.",Root,Moderate,High humidity
484,Peach,Powdery Mildew,"White powdery growth develops on leaves, shoots, or fruit surfaces.",Fungal growth is favored by humid conditions and poor airflow.,Remove heavily affected tissue and apply a suitable fungicide.,"Provide good spacing, airflow, and balanced irrigation.",Stem,High,Poor airflow
485,Wheat,Stem Rust,Brown or dark lesions appear on leaves and may spread to nearby tissue.,Infection can develop when moisture and temperature conditions favor the pathogen.,Prune infected parts where appropriate and apply a suitable registered treatment.,"Improve ventilation, avoid unnecessary leaf wetness, and remove fallen debris.",Stem,Severe,Poor airflow
486,Banana,Panama Disease,"Affected fruit or leaves show discoloration, spots, and reduced quality.","The condition may be caused by a fungal, bacterial, or viral pathogen.",Separate infected material and use disease-specific management recommended for the crop.,Start with healthy planting material and maintain field hygiene.,Leaf and Fruit,Moderate,Excess moisture
487,Peach,Crown Gall,"Yellowing leaves, small spots, and gradual leaf decline are observed.",The disease is associated with a plant pathogen and favorable environmental conditions.,Remove affected material and follow locally recommended disease-control practices.,"Use sanitation, proper spacing, clean planting material, and regular monitoring.",Fruit,Severe,Poor airflow
488,Guava,Anthracnose,"Dark sunken spots develop on leaves, stems, or fruit and may enlarge over time.",Fungal infection commonly spreads in warm and wet conditions.,Remove infected material and use an appropriate fungicide.,Use clean planting material and reduce moisture on plant surfaces.,Root,Severe,Cool and wet
489,Guava,Wilt,Brown or dark lesions appear on leaves and may spread to nearby tissue.,Infection can develop when moisture and temperature conditions favor the pathogen.,Prune infected parts where appropriate and apply a suitable registered treatment.,"Improve ventilation, avoid unnecessary leaf wetness, and remove fallen debris.",Root,Moderate,Poor airflow
490,Apple,Powdery Mildew,"White powdery growth develops on leaves, shoots, or fruit surfaces.",Fungal growth is favored by humid conditions and poor airflow.,Remove heavily affected tissue and apply a suitable fungicide.,"Provide good spacing, airflow, and balanced irrigation.",Leaf and Fruit,Severe,Poor airflow
491,Rice,Tungro,"Affected fruit or leaves show discoloration, spots, and reduced quality.","The condition may be caused by a fungal, bacterial, or viral pathogen.",Separate infected material and use disease-specific management recommended for the crop.,Start with healthy planting material and maintain field hygiene.,Leaf and Fruit,Severe,Warm and humid
492,Banana,Bunchy Top,"Affected fruit or leaves show discoloration, spots, and reduced quality.","The condition may be caused by a fungal, bacterial, or viral pathogen.",Separate infected material and use disease-specific management recommended for the crop.,Start with healthy planting material and maintain field hygiene.,Leaf,Low,Cool and wet
493,Banana,Black Sigatoka,"Affected fruit or leaves show discoloration, spots, and reduced quality.","The condition may be caused by a fungal, bacterial, or viral pathogen.",Separate infected material and use disease-specific management recommended for the crop.,Start with healthy planting material and maintain field hygiene.,Leaf and Fruit,Low,Poor airflow
494,Papaya,Black Spot,"Yellowing leaves, small spots, and gradual leaf decline are observed.",The disease is associated with a plant pathogen and favorable environmental conditions.,Remove affected material and follow locally recommended disease-control practices.,"Use sanitation, proper spacing, clean planting material, and regular monitoring.",Leaf,Low,High humidity
495,Orange,Sooty Mold,"Affected fruit or leaves show discoloration, spots, and reduced quality.","The condition may be caused by a fungal, bacterial, or viral pathogen.",Separate infected material and use disease-specific management recommended for the crop.,Start with healthy planting material and maintain field hygiene.,Root,Moderate,High humidity
496,Pomegranate,Anthracnose,"Dark sunken spots develop on leaves, stems, or fruit and may enlarge over time.",Fungal infection commonly spreads in warm and wet conditions.,Remove infected material and use an appropriate fungicide.,Use clean planting material and reduce moisture on plant surfaces.,Stem,Moderate,Warm and humid
497,Cucumber,Downy Mildew,Brown or dark lesions appear on leaves and may spread to nearby tissue.,Infection can develop when moisture and temperature conditions favor the pathogen.,Prune infected parts where appropriate and apply a suitable registered treatment.,"Improve ventilation, avoid unnecessary leaf wetness, and remove fallen debris.",Leaf,Severe,Warm and humid
498,Mango,Bacterial Black Spot,Brown or dark lesions appear on leaves and may spread to nearby tissue.,Infection can develop when moisture and temperature conditions favor the pathogen.,Prune infected parts where appropriate and apply a suitable registered treatment.,"Improve ventilation, avoid unnecessary leaf wetness, and remove fallen debris.",Root,High,Cool and wet
499,Watermelon,Fusarium Wilt,Brown or dark lesions appear on leaves and may spread to nearby tissue.,Infection can develop when moisture and temperature conditions favor the pathogen.,Prune infected parts where appropriate and apply a suitable registered treatment.,"Improve ventilation, avoid unnecessary leaf wetness, and remove fallen debris.",Leaf,Severe,Poor airflow
500,Bell Pepper,Powdery Mildew,"White powdery growth develops on leaves, shoots, or fruit surfaces.",Fungal growth is favored by humid conditions and poor airflow.,Remove heavily affected tissue and apply a suitable fungicide.,"Provide good spacing, airflow, and balanced irrigation.",Stem,Low,Warm and humid
501,Grape,Black Rot,Brown or dark lesions appear on leaves and may spread to nearby tissue.,Infection can develop when moisture and temperature conditions favor the pathogen.,Prune infected parts where appropriate and apply a suitable registered treatment.,"Improve ventilation, avoid unnecessary leaf wetness, and remove fallen debris.",Fruit,Low,Cool and wet
502,Watermelon,Downy Mildew,"Affected fruit or leaves show discoloration, spots, and reduced quality.","The condition may be caused by a fungal, bacterial, or viral pathogen.",Separate infected material and use disease-specific management recommended for the crop.,Start with healthy planting material and maintain field hygiene.,Stem,Moderate,Excess moisture
503,Chilli,Leaf Curl,"Yellowing leaves, small spots, and gradual leaf decline are observed.",The disease is associated with a plant pathogen and favorable environmental conditions.,Remove affected material and follow locally recommended disease-control practices.,"Use sanitation, proper spacing, clean planting material, and regular monitoring.",Fruit,Severe,Cool and wet
504,Chilli,Leaf Curl,"Yellowing leaves, small spots, and gradual leaf decline are observed.",The disease is associated with a plant pathogen and favorable environmental conditions.,Remove affected material and follow locally recommended disease-control practices.,"Use sanitation, proper spacing, clean planting material, and regular monitoring.",Root,Moderate,Excess moisture
505,Chilli,Leaf Curl,"Yellowing leaves, small spots, and gradual leaf decline are observed.",The disease is associated with a plant pathogen and favorable environmental conditions.,Remove affected material and follow locally recommended disease-control practices.,"Use sanitation, proper spacing, clean planting material, and regular monitoring.",Fruit,Moderate,High humidity
506,Apple,Fire Blight,"Yellowing leaves, small spots, and gradual leaf decline are observed.",The disease is associated with a plant pathogen and favorable environmental conditions.,Remove affected material and follow locally recommended disease-control practices.,"Use sanitation, proper spacing, clean planting material, and regular monitoring.",Stem,Moderate,High humidity
507,Strawberry,Angular Leaf Spot,"Yellowing leaves, small spots, and gradual leaf decline are observed.",The disease is associated with a plant pathogen and favorable environmental conditions.,Remove affected material and follow locally recommended disease-control practices.,"Use sanitation, proper spacing, clean planting material, and regular monitoring.",Root,High,Excess moisture
508,Papaya,Root Rot,Brown or dark lesions appear on leaves and may spread to nearby tissue.,Infection can develop when moisture and temperature conditions favor the pathogen.,Prune infected parts where appropriate and apply a suitable registered treatment.,"Improve ventilation, avoid unnecessary leaf wetness, and remove fallen debris.",Leaf and Fruit,Severe,Warm and humid
509,Banana,Yellow Sigatoka,Brown or dark lesions appear on leaves and may spread to nearby tissue.,Infection can develop when moisture and temperature conditions favor the pathogen.,Prune infected parts where appropriate and apply a suitable registered treatment.,"Improve ventilation, avoid unnecessary leaf wetness, and remove fallen debris.",Stem,Moderate,Excess moisture
510,Wheat,Leaf Rust,"Affected fruit or leaves show discoloration, spots, and reduced quality.","The condition may be caused by a fungal, bacterial, or viral pathogen.",Separate infected material and use disease-specific management recommended for the crop.,Start with healthy planting material and maintain field hygiene.,Stem,Moderate,Warm and humid
511,Orange,Citrus Black Spot,"Yellowing leaves, small spots, and gradual leaf decline are observed.",The disease is associated with a plant pathogen and favorable environmental conditions.,Remove affected material and follow locally recommended disease-control practices.,"Use sanitation, proper spacing, clean planting material, and regular monitoring.",Stem,Moderate,Cool and wet
512,Watermelon,Fusarium Wilt,Brown or dark lesions appear on leaves and may spread to nearby tissue.,Infection can develop when moisture and temperature conditions favor the pathogen.,Prune infected parts where appropriate and apply a suitable registered treatment.,"Improve ventilation, avoid unnecessary leaf wetness, and remove fallen debris.",Leaf and Fruit,Moderate,Poor airflow
513,Chilli,Bacterial Leaf Spot,Brown or dark lesions appear on leaves and may spread to nearby tissue.,Infection can develop when moisture and temperature conditions favor the pathogen.,Prune infected parts where appropriate and apply a suitable registered treatment.,"Improve ventilation, avoid unnecessary leaf wetness, and remove fallen debris.",Leaf and Fruit,Moderate,Cool and wet
514,Cucumber,Angular Leaf Spot,"Yellowing leaves, small spots, and gradual leaf decline are observed.",The disease is associated with a plant pathogen and favorable environmental conditions.,Remove affected material and follow locally recommended disease-control practices.,"Use sanitation, proper spacing, clean planting material, and regular monitoring.",Stem,Moderate,Poor airflow
515,Maize,Northern Leaf Blight,Brown or dark lesions appear on leaves and may spread to nearby tissue.,Infection can develop when moisture and temperature conditions favor the pathogen.,Prune infected parts where appropriate and apply a suitable registered treatment.,"Improve ventilation, avoid unnecessary leaf wetness, and remove fallen debris.",Root,Low,Cool and wet
516,Strawberry,Angular Leaf Spot,"Affected fruit or leaves show discoloration, spots, and reduced quality.","The condition may be caused by a fungal, bacterial, or viral pathogen.",Separate infected material and use disease-specific management recommended for the crop.,Start with healthy planting material and maintain field hygiene.,Root,Severe,Poor airflow
517,Chilli,Leaf Curl,Brown or dark lesions appear on leaves and may spread to nearby tissue.,Infection can develop when moisture and temperature conditions favor the pathogen.,Prune infected parts where appropriate and apply a suitable registered treatment.,"Improve ventilation, avoid unnecessary leaf wetness, and remove fallen debris.",Leaf,Moderate,Excess moisture
518,Tomato,Late Blight,Water-soaked dark lesions spread quickly across leaves and stems.,A fungal-like pathogen spreads rapidly under cool and wet conditions.,Remove severely infected tissue and use a recommended fungicide.,Improve airflow and avoid prolonged leaf wetness.,Leaf,High,High humidity
519,Orange,Sooty Mold,Brown or dark lesions appear on leaves and may spread to nearby tissue.,Infection can develop when moisture and temperature conditions favor the pathogen.,Prune infected parts where appropriate and apply a suitable registered treatment.,"Improve ventilation, avoid unnecessary leaf wetness, and remove fallen debris.",Root,Moderate,Excess moisture
520,Cucumber,Fusarium Wilt,"Affected fruit or leaves show discoloration, spots, and reduced quality.","The condition may be caused by a fungal, bacterial, or viral pathogen.",Separate infected material and use disease-specific management recommended for the crop.,Start with healthy planting material and maintain field hygiene.,Leaf and Fruit,Low,Warm and humid
521,Lemon,Root Rot,Brown or dark lesions appear on leaves and may spread to nearby tissue.,Infection can develop when moisture and temperature conditions favor the pathogen.,Prune infected parts where appropriate and apply a suitable registered treatment.,"Improve ventilation, avoid unnecessary leaf wetness, and remove fallen debris.",Root,Low,Excess moisture
522,Strawberry,Angular Leaf Spot,"Yellowing leaves, small spots, and gradual leaf decline are observed.",The disease is associated with a plant pathogen and favorable environmental conditions.,Remove affected material and follow locally recommended disease-control practices.,"Use sanitation, proper spacing, clean planting material, and regular monitoring.",Stem,Moderate,Warm and humid
523,Bell Pepper,Powdery Mildew,"White powdery growth develops on leaves, shoots, or fruit surfaces.",Fungal growth is favored by humid conditions and poor airflow.,Remove heavily affected tissue and apply a suitable fungicide.,"Provide good spacing, airflow, and balanced irrigation.",Leaf,High,Poor airflow
524,Grape,Downy Mildew,"Yellowing leaves, small spots, and gradual leaf decline are observed.",The disease is associated with a plant pathogen and favorable environmental conditions.,Remove affected material and follow locally recommended disease-control practices.,"Use sanitation, proper spacing, clean planting material, and regular monitoring.",Leaf and Fruit,High,Poor airflow
525,Peach,Crown Gall,"Yellowing leaves, small spots, and gradual leaf decline are observed.",The disease is associated with a plant pathogen and favorable environmental conditions.,Remove affected material and follow locally recommended disease-control practices.,"Use sanitation, proper spacing, clean planting material, and regular monitoring.",Fruit,Moderate,Warm and humid
526,Wheat,Stripe Rust,"Affected fruit or leaves show discoloration, spots, and reduced quality.","The condition may be caused by a fungal, bacterial, or viral pathogen.",Separate infected material and use disease-specific management recommended for the crop.,Start with healthy planting material and maintain field hygiene.,Leaf and Fruit,High,Excess moisture
527,Peach,Bacterial Spot,"Affected fruit or leaves show discoloration, spots, and reduced quality.","The condition may be caused by a fungal, bacterial, or viral pathogen.",Separate infected material and use disease-specific management recommended for the crop.,Start with healthy planting material and maintain field hygiene.,Stem,High,Excess moisture
528,Lemon,Root Rot,"Affected fruit or leaves show discoloration, spots, and reduced quality.","The condition may be caused by a fungal, bacterial, or viral pathogen.",Separate infected material and use disease-specific management recommended for the crop.,Start with healthy planting material and maintain field hygiene.,Fruit,Low,Poor airflow
529,Potato,Bacterial Wilt,"Affected fruit or leaves show discoloration, spots, and reduced quality.","The condition may be caused by a fungal, bacterial, or viral pathogen.",Separate infected material and use disease-specific management recommended for the crop.,Start with healthy planting material and maintain field hygiene.,Fruit,Moderate,Cool and wet
530,Mango,Bacterial Black Spot,"Yellowing leaves, small spots, and gradual leaf decline are observed.",The disease is associated with a plant pathogen and favorable environmental conditions.,Remove affected material and follow locally recommended disease-control practices.,"Use sanitation, proper spacing, clean planting material, and regular monitoring.",Root,Severe,Cool and wet
531,Wheat,Stripe Rust,"Affected fruit or leaves show discoloration, spots, and reduced quality.","The condition may be caused by a fungal, bacterial, or viral pathogen.",Separate infected material and use disease-specific management recommended for the crop.,Start with healthy planting material and maintain field hygiene.,Root,Severe,Poor airflow
532,Apple,Apple Scab,Brown or dark lesions appear on leaves and may spread to nearby tissue.,Infection can develop when moisture and temperature conditions favor the pathogen.,Prune infected parts where appropriate and apply a suitable registered treatment.,"Improve ventilation, avoid unnecessary leaf wetness, and remove fallen debris.",Stem,High,Poor airflow
533,Cucumber,Angular Leaf Spot,"Affected fruit or leaves show discoloration, spots, and reduced quality.","The condition may be caused by a fungal, bacterial, or viral pathogen.",Separate infected material and use disease-specific management recommended for the crop.,Start with healthy planting material and maintain field hygiene.,Leaf,Low,Poor airflow
534,Banana,Panama Disease,"Affected fruit or leaves show discoloration, spots, and reduced quality.","The condition may be caused by a fungal, bacterial, or viral pathogen.",Separate infected material and use disease-specific management recommended for the crop.,Start with healthy planting material and maintain field hygiene.,Fruit,Severe,Poor airflow
535,Strawberry,Angular Leaf Spot,Brown or dark lesions appear on leaves and may spread to nearby tissue.,Infection can develop when moisture and temperature conditions favor the pathogen.,Prune infected parts where appropriate and apply a suitable registered treatment.,"Improve ventilation, avoid unnecessary leaf wetness, and remove fallen debris.",Stem,High,High humidity
536,Rice,Tungro,"Yellowing leaves, small spots, and gradual leaf decline are observed.",The disease is associated with a plant pathogen and favorable environmental conditions.,Remove affected material and follow locally recommended disease-control practices.,"Use sanitation, proper spacing, clean planting material, and regular monitoring.",Stem,Severe,Warm and humid
537,Potato,Early Blight,Dark brown circular lesions with concentric rings appear on older leaves.,"Fungal infection favored by warm, humid conditions.",Remove affected leaves and apply an appropriate fungicide.,"Maintain plant spacing, avoid overhead irrigation, and remove crop debris.",Leaf,Severe,Warm and humid
538,Peach,Powdery Mildew,"White powdery growth develops on leaves, shoots, or fruit surfaces.",Fungal growth is favored by humid conditions and poor airflow.,Remove heavily affected tissue and apply a suitable fungicide.,"Provide good spacing, airflow, and balanced irrigation.",Leaf,Severe,Poor airflow
539,Strawberry,Powdery Mildew,"White powdery growth develops on leaves, shoots, or fruit surfaces.",Fungal growth is favored by humid conditions and poor airflow.,Remove heavily affected tissue and apply a suitable fungicide.,"Provide good spacing, airflow, and balanced irrigation.",Fruit,High,High humidity
540,Apple,Cedar Apple Rust,Brown or dark lesions appear on leaves and may spread to nearby tissue.,Infection can develop when moisture and temperature conditions favor the pathogen.,Prune infected parts where appropriate and apply a suitable registered treatment.,"Improve ventilation, avoid unnecessary leaf wetness, and remove fallen debris.",Stem,Low,Cool and wet
541,Potato,Blackleg,"Affected fruit or leaves show discoloration, spots, and reduced quality.","The condition may be caused by a fungal, bacterial, or viral pathogen.",Separate infected material and use disease-specific management recommended for the crop.,Start with healthy planting material and maintain field hygiene.,Fruit,High,Poor airflow
542,Apple,Apple Scab,"Yellowing leaves, small spots, and gradual leaf decline are observed.",The disease is associated with a plant pathogen and favorable environmental conditions.,Remove affected material and follow locally recommended disease-control practices.,"Use sanitation, proper spacing, clean planting material, and regular monitoring.",Root,Moderate,Warm and humid
543,Mango,Sooty Mold,"Yellowing leaves, small spots, and gradual leaf decline are observed.",The disease is associated with a plant pathogen and favorable environmental conditions.,Remove affected material and follow locally recommended disease-control practices.,"Use sanitation, proper spacing, clean planting material, and regular monitoring.",Leaf,Severe,Warm and humid
544,Papaya,Papaya Ringspot,Brown or dark lesions appear on leaves and may spread to nearby tissue.,Infection can develop when moisture and temperature conditions favor the pathogen.,Prune infected parts where appropriate and apply a suitable registered treatment.,"Improve ventilation, avoid unnecessary leaf wetness, and remove fallen debris.",Root,Moderate,Warm and humid
545,Orange,Tristeza,"Yellowing leaves, small spots, and gradual leaf decline are observed.",The disease is associated with a plant pathogen and favorable environmental conditions.,Remove affected material and follow locally recommended disease-control practices.,"Use sanitation, proper spacing, clean planting material, and regular monitoring.",Leaf,Low,High humidity
546,Banana,Yellow Sigatoka,"Yellowing leaves, small spots, and gradual leaf decline are observed.",The disease is associated with a plant pathogen and favorable environmental conditions.,Remove affected material and follow locally recommended disease-control practices.,"Use sanitation, proper spacing, clean planting material, and regular monitoring.",Fruit,Severe,Cool and wet
547,Apple,Fire Blight,"Affected fruit or leaves show discoloration, spots, and reduced quality.","The condition may be caused by a fungal, bacterial, or viral pathogen.",Separate infected material and use disease-specific management recommended for the crop.,Start with healthy planting material and maintain field hygiene.,Leaf and Fruit,Low,Cool and wet
548,Bell Pepper,Powdery Mildew,"White powdery growth develops on leaves, shoots, or fruit surfaces.",Fungal growth is favored by humid conditions and poor airflow.,Remove heavily affected tissue and apply a suitable fungicide.,"Provide good spacing, airflow, and balanced irrigation.",Fruit,Moderate,Poor airflow
549,Maize,Downy Mildew,"Yellowing leaves, small spots, and gradual leaf decline are observed.",The disease is associated with a plant pathogen and favorable environmental conditions.,Remove affected material and follow locally recommended disease-control practices.,"Use sanitation, proper spacing, clean planting material, and regular monitoring.",Leaf,Low,Cool and wet
550,Grape,Botrytis Bunch Rot,"Affected fruit or leaves show discoloration, spots, and reduced quality.","The condition may be caused by a fungal, bacterial, or viral pathogen.",Separate infected material and use disease-specific management recommended for the crop.,Start with healthy planting material and maintain field hygiene.,Stem,Severe,Poor airflow
551,Papaya,Powdery Mildew,"White powdery growth develops on leaves, shoots, or fruit surfaces.",Fungal growth is favored by humid conditions and poor airflow.,Remove heavily affected tissue and apply a suitable fungicide.,"Provide good spacing, airflow, and balanced irrigation.",Stem,Moderate,Warm and humid
552,Orange,Sooty Mold,"Affected fruit or leaves show discoloration, spots, and reduced quality.","The condition may be caused by a fungal, bacterial, or viral pathogen.",Separate infected material and use disease-specific management recommended for the crop.,Start with healthy planting material and maintain field hygiene.,Leaf,High,High humidity
553,Strawberry,Anthracnose,"Dark sunken spots develop on leaves, stems, or fruit and may enlarge over time.",Fungal infection commonly spreads in warm and wet conditions.,Remove infected material and use an appropriate fungicide.,Use clean planting material and reduce moisture on plant surfaces.,Root,Moderate,High humidity
554,Potato,Late Blight,Water-soaked dark lesions spread quickly across leaves and stems.,A fungal-like pathogen spreads rapidly under cool and wet conditions.,Remove severely infected tissue and use a recommended fungicide.,Improve airflow and avoid prolonged leaf wetness.,Root,Severe,Warm and humid
555,Orange,Tristeza,"Affected fruit or leaves show discoloration, spots, and reduced quality.","The condition may be caused by a fungal, bacterial, or viral pathogen.",Separate infected material and use disease-specific management recommended for the crop.,Start with healthy planting material and maintain field hygiene.,Leaf and Fruit,Low,Warm and humid
556,Banana,Yellow Sigatoka,"Yellowing leaves, small spots, and gradual leaf decline are observed.",The disease is associated with a plant pathogen and favorable environmental conditions.,Remove affected material and follow locally recommended disease-control practices.,"Use sanitation, proper spacing, clean planting material, and regular monitoring.",Leaf and Fruit,Severe,Poor airflow
557,Banana,Bunchy Top,"Affected fruit or leaves show discoloration, spots, and reduced quality.","The condition may be caused by a fungal, bacterial, or viral pathogen.",Separate infected material and use disease-specific management recommended for the crop.,Start with healthy planting material and maintain field hygiene.,Root,Moderate,Warm and humid
558,Tomato,Septoria Leaf Spot,"Yellowing leaves, small spots, and gradual leaf decline are observed.",The disease is associated with a plant pathogen and favorable environmental conditions.,Remove affected material and follow locally recommended disease-control practices.,"Use sanitation, proper spacing, clean planting material, and regular monitoring.",Stem,Low,Cool and wet
559,Potato,Early Blight,Dark brown circular lesions with concentric rings appear on older leaves.,"Fungal infection favored by warm, humid conditions.",Remove affected leaves and apply an appropriate fungicide.,"Maintain plant spacing, avoid overhead irrigation, and remove crop debris.",Leaf and Fruit,Severe,High humidity
560,Watermelon,Fusarium Wilt,Brown or dark lesions appear on leaves and may spread to nearby tissue.,Infection can develop when moisture and temperature conditions favor the pathogen.,Prune infected parts where appropriate and apply a suitable registered treatment.,"Improve ventilation, avoid unnecessary leaf wetness, and remove fallen debris.",Leaf,Severe,Excess moisture
561,Rice,Tungro,"Yellowing leaves, small spots, and gradual leaf decline are observed.",The disease is associated with a plant pathogen and favorable environmental conditions.,Remove affected material and follow locally recommended disease-control practices.,"Use sanitation, proper spacing, clean planting material, and regular monitoring.",Leaf,High,High humidity
562,Apple,Fire Blight,"Yellowing leaves, small spots, and gradual leaf decline are observed.",The disease is associated with a plant pathogen and favorable environmental conditions.,Remove affected material and follow locally recommended disease-control practices.,"Use sanitation, proper spacing, clean planting material, and regular monitoring.",Leaf and Fruit,Moderate,High humidity
563,Pomegranate,Wilt,"Affected fruit or leaves show discoloration, spots, and reduced quality.","The condition may be caused by a fungal, bacterial, or viral pathogen.",Separate infected material and use disease-specific management recommended for the crop.,Start with healthy planting material and maintain field hygiene.,Stem,Low,Poor airflow
564,Orange,Citrus Canker,"Yellowing leaves, small spots, and gradual leaf decline are observed.",The disease is associated with a plant pathogen and favorable environmental conditions.,Remove affected material and follow locally recommended disease-control practices.,"Use sanitation, proper spacing, clean planting material, and regular monitoring.",Root,Low,Warm and humid
565,Bell Pepper,Mosaic Virus,"Affected fruit or leaves show discoloration, spots, and reduced quality.","The condition may be caused by a fungal, bacterial, or viral pathogen.",Separate infected material and use disease-specific management recommended for the crop.,Start with healthy planting material and maintain field hygiene.,Stem,Low,Cool and wet
566,Grape,Black Rot,"Affected fruit or leaves show discoloration, spots, and reduced quality.","The condition may be caused by a fungal, bacterial, or viral pathogen.",Separate infected material and use disease-specific management recommended for the crop.,Start with healthy planting material and maintain field hygiene.,Leaf,Moderate,Cool and wet
567,Cucumber,Angular Leaf Spot,"Affected fruit or leaves show discoloration, spots, and reduced quality.","The condition may be caused by a fungal, bacterial, or viral pathogen.",Separate infected material and use disease-specific management recommended for the crop.,Start with healthy planting material and maintain field hygiene.,Fruit,High,High humidity
568,Mango,Bacterial Black Spot,"Affected fruit or leaves show discoloration, spots, and reduced quality.","The condition may be caused by a fungal, bacterial, or viral pathogen.",Separate infected material and use disease-specific management recommended for the crop.,Start with healthy planting material and maintain field hygiene.,Leaf,Low,High humidity
569,Chilli,Powdery Mildew,"White powdery growth develops on leaves, shoots, or fruit surfaces.",Fungal growth is favored by humid conditions and poor airflow.,Remove heavily affected tissue and apply a suitable fungicide.,"Provide good spacing, airflow, and balanced irrigation.",Stem,Low,Excess moisture
570,Apple,Powdery Mildew,"White powdery growth develops on leaves, shoots, or fruit surfaces.",Fungal growth is favored by humid conditions and poor airflow.,Remove heavily affected tissue and apply a suitable fungicide.,"Provide good spacing, airflow, and balanced irrigation.",Leaf and Fruit,Severe,High humidity
571,Potato,Blackleg,"Affected fruit or leaves show discoloration, spots, and reduced quality.","The condition may be caused by a fungal, bacterial, or viral pathogen.",Separate infected material and use disease-specific management recommended for the crop.,Start with healthy planting material and maintain field hygiene.,Stem,Moderate,Cool and wet
572,Lemon,Citrus Canker,"Affected fruit or leaves show discoloration, spots, and reduced quality.","The condition may be caused by a fungal, bacterial, or viral pathogen.",Separate infected material and use disease-specific management recommended for the crop.,Start with healthy planting material and maintain field hygiene.,Fruit,Low,Excess moisture
573,Tomato,Early Blight,Dark brown circular lesions with concentric rings appear on older leaves.,"Fungal infection favored by warm, humid conditions.",Remove affected leaves and apply an appropriate fungicide.,"Maintain plant spacing, avoid overhead irrigation, and remove crop debris.",Fruit,Low,Warm and humid
574,Cucumber,Angular Leaf Spot,Brown or dark lesions appear on leaves and may spread to nearby tissue.,Infection can develop when moisture and temperature conditions favor the pathogen.,Prune infected parts where appropriate and apply a suitable registered treatment.,"Improve ventilation, avoid unnecessary leaf wetness, and remove fallen debris.",Fruit,Moderate,Warm and humid
575,Rice,Brown Spot,"Yellowing leaves, small spots, and gradual leaf decline are observed.",The disease is associated with a plant pathogen and favorable environmental conditions.,Remove affected material and follow locally recommended disease-control practices.,"Use sanitation, proper spacing, clean planting material, and regular monitoring.",Fruit,High,Poor airflow
576,Papaya,Anthracnose,"Dark sunken spots develop on leaves, stems, or fruit and may enlarge over time.",Fungal infection commonly spreads in warm and wet conditions.,Remove infected material and use an appropriate fungicide.,Use clean planting material and reduce moisture on plant surfaces.,Leaf and Fruit,Low,High humidity
577,Grape,Botrytis Bunch Rot,"Affected fruit or leaves show discoloration, spots, and reduced quality.","The condition may be caused by a fungal, bacterial, or viral pathogen.",Separate infected material and use disease-specific management recommended for the crop.,Start with healthy planting material and maintain field hygiene.,Fruit,Low,Cool and wet
578,Watermelon,Anthracnose,"Dark sunken spots develop on leaves, stems, or fruit and may enlarge over time.",Fungal infection commonly spreads in warm and wet conditions.,Remove infected material and use an appropriate fungicide.,Use clean planting material and reduce moisture on plant surfaces.,Leaf,Severe,Poor airflow
579,Guava,Fruit Rot,Brown or dark lesions appear on leaves and may spread to nearby tissue.,Infection can develop when moisture and temperature conditions favor the pathogen.,Prune infected parts where appropriate and apply a suitable registered treatment.,"Improve ventilation, avoid unnecessary leaf wetness, and remove fallen debris.",Leaf and Fruit,Low,Poor airflow
580,Tomato,Bacterial Spot,"Yellowing leaves, small spots, and gradual leaf decline are observed.",The disease is associated with a plant pathogen and favorable environmental conditions.,Remove affected material and follow locally recommended disease-control practices.,"Use sanitation, proper spacing, clean planting material, and regular monitoring.",Leaf and Fruit,High,High humidity
581,Maize,Common Rust,Brown or dark lesions appear on leaves and may spread to nearby tissue.,Infection can develop when moisture and temperature conditions favor the pathogen.,Prune infected parts where appropriate and apply a suitable registered treatment.,"Improve ventilation, avoid unnecessary leaf wetness, and remove fallen debris.",Leaf and Fruit,High,Poor airflow
582,Strawberry,Anthracnose,"Dark sunken spots develop on leaves, stems, or fruit and may enlarge over time.",Fungal infection commonly spreads in warm and wet conditions.,Remove infected material and use an appropriate fungicide.,Use clean planting material and reduce moisture on plant surfaces.,Fruit,Moderate,Warm and humid
583,Chilli,Anthracnose,"Dark sunken spots develop on leaves, stems, or fruit and may enlarge over time.",Fungal infection commonly spreads in warm and wet conditions.,Remove infected material and use an appropriate fungicide.,Use clean planting material and reduce moisture on plant surfaces.,Leaf and Fruit,Moderate,High humidity
584,Tomato,Bacterial Spot,"Yellowing leaves, small spots, and gradual leaf decline are observed.",The disease is associated with a plant pathogen and favorable environmental conditions.,Remove affected material and follow locally recommended disease-control practices.,"Use sanitation, proper spacing, clean planting material, and regular monitoring.",Stem,Severe,Warm and humid
585,Strawberry,Anthracnose,"Dark sunken spots develop on leaves, stems, or fruit and may enlarge over time.",Fungal infection commonly spreads in warm and wet conditions.,Remove infected material and use an appropriate fungicide.,Use clean planting material and reduce moisture on plant surfaces.,Root,Moderate,Poor airflow
586,Potato,Late Blight,Water-soaked dark lesions spread quickly across leaves and stems.,A fungal-like pathogen spreads rapidly under cool and wet conditions.,Remove severely infected tissue and use a recommended fungicide.,Improve airflow and avoid prolonged leaf wetness.,Leaf,High,Warm and humid
587,Orange,Sooty Mold,Brown or dark lesions appear on leaves and may spread to nearby tissue.,Infection can develop when moisture and temperature conditions favor the pathogen.,Prune infected parts where appropriate and apply a suitable registered treatment.,"Improve ventilation, avoid unnecessary leaf wetness, and remove fallen debris.",Root,High,Warm and humid
588,Wheat,Leaf Rust,"Affected fruit or leaves show discoloration, spots, and reduced quality.","The condition may be caused by a fungal, bacterial, or viral pathogen.",Separate infected material and use disease-specific management recommended for the crop.,Start with healthy planting material and maintain field hygiene.,Root,Moderate,Warm and humid
589,Wheat,Septoria Leaf Blotch,"Yellowing leaves, small spots, and gradual leaf decline are observed.",The disease is associated with a plant pathogen and favorable environmental conditions.,Remove affected material and follow locally recommended disease-control practices.,"Use sanitation, proper spacing, clean planting material, and regular monitoring.",Fruit,Severe,Cool and wet
590,Guava,Fruit Rot,Brown or dark lesions appear on leaves and may spread to nearby tissue.,Infection can develop when moisture and temperature conditions favor the pathogen.,Prune infected parts where appropriate and apply a suitable registered treatment.,"Improve ventilation, avoid unnecessary leaf wetness, and remove fallen debris.",Stem,Severe,High humidity
591,Bell Pepper,Powdery Mildew,"White powdery growth develops on leaves, shoots, or fruit surfaces.",Fungal growth is favored by humid conditions and poor airflow.,Remove heavily affected tissue and apply a suitable fungicide.,"Provide good spacing, airflow, and balanced irrigation.",Leaf,Moderate,Cool and wet
592,Mango,Sooty Mold,"Yellowing leaves, small spots, and gradual leaf decline are observed.",The disease is associated with a plant pathogen and favorable environmental conditions.,Remove affected material and follow locally recommended disease-control practices.,"Use sanitation, proper spacing, clean planting material, and regular monitoring.",Leaf,Moderate,Cool and wet
593,Bell Pepper,Anthracnose,"Dark sunken spots develop on leaves, stems, or fruit and may enlarge over time.",Fungal infection commonly spreads in warm and wet conditions.,Remove infected material and use an appropriate fungicide.,Use clean planting material and reduce moisture on plant surfaces.,Root,High,Warm and humid
594,Rice,Sheath Blight,"Yellowing leaves, small spots, and gradual leaf decline are observed.",The disease is associated with a plant pathogen and favorable environmental conditions.,Remove affected material and follow locally recommended disease-control practices.,"Use sanitation, proper spacing, clean planting material, and regular monitoring.",Stem,Severe,Poor airflow
595,Lemon,Citrus Canker,"Yellowing leaves, small spots, and gradual leaf decline are observed.",The disease is associated with a plant pathogen and favorable environmental conditions.,Remove affected material and follow locally recommended disease-control practices.,"Use sanitation, proper spacing, clean planting material, and regular monitoring.",Stem,Moderate,Excess moisture
596,Potato,Late Blight,Water-soaked dark lesions spread quickly across leaves and stems.,A fungal-like pathogen spreads rapidly under cool and wet conditions.,Remove severely infected tissue and use a recommended fungicide.,Improve airflow and avoid prolonged leaf wetness.,Fruit,High,Warm and humid
597,Orange,Citrus Black Spot,Brown or dark lesions appear on leaves and may spread to nearby tissue.,Infection can develop when moisture and temperature conditions favor the pathogen.,Prune infected parts where appropriate and apply a suitable registered treatment.,"Improve ventilation, avoid unnecessary leaf wetness, and remove fallen debris.",Stem,Low,High humidity
598,Peach,Leaf Curl,Brown or dark lesions appear on leaves and may spread to nearby tissue.,Infection can develop when moisture and temperature conditions favor the pathogen.,Prune infected parts where appropriate and apply a suitable registered treatment.,"Improve ventilation, avoid unnecessary leaf wetness, and remove fallen debris.",Leaf and Fruit,Severe,Excess moisture
599,Orange,Citrus Canker,Brown or dark lesions appear on leaves and may spread to nearby tissue.,Infection can develop when moisture and temperature conditions favor the pathogen.,Prune infected parts where appropriate and apply a suitable registered treatment.,"Improve ventilation, avoid unnecessary leaf wetness, and remove fallen debris.",Fruit,Low,Warm and humid
600,Tomato,Early Blight,Dark brown circular lesions with concentric rings appear on older leaves.,"Fungal infection favored by warm, humid conditions.",Remove affected leaves and apply an appropriate fungicide.,"Maintain plant spacing, avoid overhead irrigation, and remove crop debris.",Fruit,Moderate,Cool and wet
601,Pomegranate,Leaf Spot,"Affected fruit or leaves show discoloration, spots, and reduced quality.","The condition may be caused by a fungal, bacterial, or viral pathogen.",Separate infected material and use disease-specific management recommended for the crop.,Start with healthy planting material and maintain field hygiene.,Leaf and Fruit,Low,Excess moisture
602,Lemon,Citrus Canker,"Yellowing leaves, small spots, and gradual leaf decline are observed.",The disease is associated with a plant pathogen and favorable environmental conditions.,Remove affected material and follow locally recommended disease-control practices.,"Use sanitation, proper spacing, clean planting material, and regular monitoring.",Fruit,Low,Poor airflow
603,Mango,Anthracnose,"Dark sunken spots develop on leaves, stems, or fruit and may enlarge over time.",Fungal infection commonly spreads in warm and wet conditions.,Remove infected material and use an appropriate fungicide.,Use clean planting material and reduce moisture on plant surfaces.,Leaf,High,Warm and humid
604,Bell Pepper,Bacterial Spot,"Yellowing leaves, small spots, and gradual leaf decline are observed.",The disease is associated with a plant pathogen and favorable environmental conditions.,Remove affected material and follow locally recommended disease-control practices.,"Use sanitation, proper spacing, clean planting material, and regular monitoring.",Root,Severe,Poor airflow
605,Tomato,Leaf Mold,"Affected fruit or leaves show discoloration, spots, and reduced quality.","The condition may be caused by a fungal, bacterial, or viral pathogen.",Separate infected material and use disease-specific management recommended for the crop.,Start with healthy planting material and maintain field hygiene.,Fruit,Severe,High humidity
606,Strawberry,Powdery Mildew,"White powdery growth develops on leaves, shoots, or fruit surfaces.",Fungal growth is favored by humid conditions and poor airflow.,Remove heavily affected tissue and apply a suitable fungicide.,"Provide good spacing, airflow, and balanced irrigation.",Stem,High,Poor airflow
607,Mango,Anthracnose,"Dark sunken spots develop on leaves, stems, or fruit and may enlarge over time.",Fungal infection commonly spreads in warm and wet conditions.,Remove infected material and use an appropriate fungicide.,Use clean planting material and reduce moisture on plant surfaces.,Stem,Moderate,Poor airflow
608,Chilli,Damping Off,Brown or dark lesions appear on leaves and may spread to nearby tissue.,Infection can develop when moisture and temperature conditions favor the pathogen.,Prune infected parts where appropriate and apply a suitable registered treatment.,"Improve ventilation, avoid unnecessary leaf wetness, and remove fallen debris.",Leaf,Low,High humidity
609,Pomegranate,Fruit Rot,Brown or dark lesions appear on leaves and may spread to nearby tissue.,Infection can develop when moisture and temperature conditions favor the pathogen.,Prune infected parts where appropriate and apply a suitable registered treatment.,"Improve ventilation, avoid unnecessary leaf wetness, and remove fallen debris.",Leaf and Fruit,Moderate,Cool and wet
610,Rice,Blast,Brown or dark lesions appear on leaves and may spread to nearby tissue.,Infection can develop when moisture and temperature conditions favor the pathogen.,Prune infected parts where appropriate and apply a suitable registered treatment.,"Improve ventilation, avoid unnecessary leaf wetness, and remove fallen debris.",Root,High,Excess moisture
611,Cucumber,Angular Leaf Spot,"Affected fruit or leaves show discoloration, spots, and reduced quality.","The condition may be caused by a fungal, bacterial, or viral pathogen.",Separate infected material and use disease-specific management recommended for the crop.,Start with healthy planting material and maintain field hygiene.,Root,High,High humidity
612,Peach,Leaf Curl,Brown or dark lesions appear on leaves and may spread to nearby tissue.,Infection can develop when moisture and temperature conditions favor the pathogen.,Prune infected parts where appropriate and apply a suitable registered treatment.,"Improve ventilation, avoid unnecessary leaf wetness, and remove fallen debris.",Leaf,Moderate,High humidity
613,Potato,Blackleg,"Affected fruit or leaves show discoloration, spots, and reduced quality.","The condition may be caused by a fungal, bacterial, or viral pathogen.",Separate infected material and use disease-specific management recommended for the crop.,Start with healthy planting material and maintain field hygiene.,Leaf and Fruit,High,Cool and wet
614,Peach,Leaf Curl,"Yellowing leaves, small spots, and gradual leaf decline are observed.",The disease is associated with a plant pathogen and favorable environmental conditions.,Remove affected material and follow locally recommended disease-control practices.,"Use sanitation, proper spacing, clean planting material, and regular monitoring.",Stem,Moderate,Excess moisture
615,Potato,Late Blight,Water-soaked dark lesions spread quickly across leaves and stems.,A fungal-like pathogen spreads rapidly under cool and wet conditions.,Remove severely infected tissue and use a recommended fungicide.,Improve airflow and avoid prolonged leaf wetness.,Stem,Severe,Cool and wet
616,Peach,Brown Rot,"Affected fruit or leaves show discoloration, spots, and reduced quality.","The condition may be caused by a fungal, bacterial, or viral pathogen.",Separate infected material and use disease-specific management recommended for the crop.,Start with healthy planting material and maintain field hygiene.,Stem,High,Excess moisture
617,Tomato,Bacterial Spot,"Affected fruit or leaves show discoloration, spots, and reduced quality.","The condition may be caused by a fungal, bacterial, or viral pathogen.",Separate infected material and use disease-specific management recommended for the crop.,Start with healthy planting material and maintain field hygiene.,Leaf and Fruit,Moderate,Cool and wet
618,Cucumber,Fusarium Wilt,Brown or dark lesions appear on leaves and may spread to nearby tissue.,Infection can develop when moisture and temperature conditions favor the pathogen.,Prune infected parts where appropriate and apply a suitable registered treatment.,"Improve ventilation, avoid unnecessary leaf wetness, and remove fallen debris.",Root,Moderate,Warm and humid
619,Apple,Apple Scab,"Yellowing leaves, small spots, and gradual leaf decline are observed.",The disease is associated with a plant pathogen and favorable environmental conditions.,Remove affected material and follow locally recommended disease-control practices.,"Use sanitation, proper spacing, clean planting material, and regular monitoring.",Leaf,Moderate,Excess moisture
620,Cucumber,Downy Mildew,Brown or dark lesions appear on leaves and may spread to nearby tissue.,Infection can develop when moisture and temperature conditions favor the pathogen.,Prune infected parts where appropriate and apply a suitable registered treatment.,"Improve ventilation, avoid unnecessary leaf wetness, and remove fallen debris.",Fruit,Moderate,High humidity
621,Peach,Bacterial Spot,"Yellowing leaves, small spots, and gradual leaf decline are observed.",The disease is associated with a plant pathogen and favorable environmental conditions.,Remove affected material and follow locally recommended disease-control practices.,"Use sanitation, proper spacing, clean planting material, and regular monitoring.",Fruit,Low,Excess moisture
622,Mango,Anthracnose,"Dark sunken spots develop on leaves, stems, or fruit and may enlarge over time.",Fungal infection commonly spreads in warm and wet conditions.,Remove infected material and use an appropriate fungicide.,Use clean planting material and reduce moisture on plant surfaces.,Leaf,High,High humidity
623,Pomegranate,Wilt,"Yellowing leaves, small spots, and gradual leaf decline are observed.",The disease is associated with a plant pathogen and favorable environmental conditions.,Remove affected material and follow locally recommended disease-control practices.,"Use sanitation, proper spacing, clean planting material, and regular monitoring.",Stem,High,High humidity
624,Mango,Powdery Mildew,"White powdery growth develops on leaves, shoots, or fruit surfaces.",Fungal growth is favored by humid conditions and poor airflow.,Remove heavily affected tissue and apply a suitable fungicide.,"Provide good spacing, airflow, and balanced irrigation.",Root,Severe,High humidity
625,Peach,Crown Gall,"Affected fruit or leaves show discoloration, spots, and reduced quality.","The condition may be caused by a fungal, bacterial, or viral pathogen.",Separate infected material and use disease-specific management recommended for the crop.,Start with healthy planting material and maintain field hygiene.,Fruit,High,Excess moisture
626,Peach,Powdery Mildew,"White powdery growth develops on leaves, shoots, or fruit surfaces.",Fungal growth is favored by humid conditions and poor airflow.,Remove heavily affected tissue and apply a suitable fungicide.,"Provide good spacing, airflow, and balanced irrigation.",Stem,High,Cool and wet
627,Peach,Leaf Curl,"Affected fruit or leaves show discoloration, spots, and reduced quality.","The condition may be caused by a fungal, bacterial, or viral pathogen.",Separate infected material and use disease-specific management recommended for the crop.,Start with healthy planting material and maintain field hygiene.,Leaf and Fruit,Severe,Warm and humid
628,Peach,Crown Gall,Brown or dark lesions appear on leaves and may spread to nearby tissue.,Infection can develop when moisture and temperature conditions favor the pathogen.,Prune infected parts where appropriate and apply a suitable registered treatment.,"Improve ventilation, avoid unnecessary leaf wetness, and remove fallen debris.",Leaf and Fruit,Moderate,Warm and humid
629,Cucumber,Powdery Mildew,"White powdery growth develops on leaves, shoots, or fruit surfaces.",Fungal growth is favored by humid conditions and poor airflow.,Remove heavily affected tissue and apply a suitable fungicide.,"Provide good spacing, airflow, and balanced irrigation.",Leaf,High,Cool and wet
630,Banana,Yellow Sigatoka,"Yellowing leaves, small spots, and gradual leaf decline are observed.",The disease is associated with a plant pathogen and favorable environmental conditions.,Remove affected material and follow locally recommended disease-control practices.,"Use sanitation, proper spacing, clean planting material, and regular monitoring.",Stem,Low,Poor airflow
631,Tomato,Bacterial Spot,"Yellowing leaves, small spots, and gradual leaf decline are observed.",The disease is associated with a plant pathogen and favorable environmental conditions.,Remove affected material and follow locally recommended disease-control practices.,"Use sanitation, proper spacing, clean planting material, and regular monitoring.",Leaf,Moderate,High humidity
632,Lemon,Citrus Canker,"Affected fruit or leaves show discoloration, spots, and reduced quality.","The condition may be caused by a fungal, bacterial, or viral pathogen.",Separate infected material and use disease-specific management recommended for the crop.,Start with healthy planting material and maintain field hygiene.,Leaf,Low,Poor airflow
633,Bell Pepper,Anthracnose,"Dark sunken spots develop on leaves, stems, or fruit and may enlarge over time.",Fungal infection commonly spreads in warm and wet conditions.,Remove infected material and use an appropriate fungicide.,Use clean planting material and reduce moisture on plant surfaces.,Root,Moderate,Poor airflow
634,Pomegranate,Leaf Spot,"Affected fruit or leaves show discoloration, spots, and reduced quality.","The condition may be caused by a fungal, bacterial, or viral pathogen.",Separate infected material and use disease-specific management recommended for the crop.,Start with healthy planting material and maintain field hygiene.,Leaf,Severe,Poor airflow
635,Wheat,Stem Rust,"Yellowing leaves, small spots, and gradual leaf decline are observed.",The disease is associated with a plant pathogen and favorable environmental conditions.,Remove affected material and follow locally recommended disease-control practices.,"Use sanitation, proper spacing, clean planting material, and regular monitoring.",Leaf,Severe,Warm and humid
636,Guava,Anthracnose,"Dark sunken spots develop on leaves, stems, or fruit and may enlarge over time.",Fungal infection commonly spreads in warm and wet conditions.,Remove infected material and use an appropriate fungicide.,Use clean planting material and reduce moisture on plant surfaces.,Stem,High,Warm and humid
637,Apple,Cedar Apple Rust,"Yellowing leaves, small spots, and gradual leaf decline are observed.",The disease is associated with a plant pathogen and favorable environmental conditions.,Remove affected material and follow locally recommended disease-control practices.,"Use sanitation, proper spacing, clean planting material, and regular monitoring.",Fruit,Severe,Warm and humid
638,Rice,Blast,Brown or dark lesions appear on leaves and may spread to nearby tissue.,Infection can develop when moisture and temperature conditions favor the pathogen.,Prune infected parts where appropriate and apply a suitable registered treatment.,"Improve ventilation, avoid unnecessary leaf wetness, and remove fallen debris.",Leaf,Severe,Poor airflow
639,Peach,Crown Gall,Brown or dark lesions appear on leaves and may spread to nearby tissue.,Infection can develop when moisture and temperature conditions favor the pathogen.,Prune infected parts where appropriate and apply a suitable registered treatment.,"Improve ventilation, avoid unnecessary leaf wetness, and remove fallen debris.",Leaf,Moderate,Warm and humid
640,Papaya,Powdery Mildew,"White powdery growth develops on leaves, shoots, or fruit surfaces.",Fungal growth is favored by humid conditions and poor airflow.,Remove heavily affected tissue and apply a suitable fungicide.,"Provide good spacing, airflow, and balanced irrigation.",Root,Moderate,Excess moisture
641,Rice,Sheath Blight,"Affected fruit or leaves show discoloration, spots, and reduced quality.","The condition may be caused by a fungal, bacterial, or viral pathogen.",Separate infected material and use disease-specific management recommended for the crop.,Start with healthy planting material and maintain field hygiene.,Stem,High,Cool and wet
642,Grape,Black Rot,Brown or dark lesions appear on leaves and may spread to nearby tissue.,Infection can develop when moisture and temperature conditions favor the pathogen.,Prune infected parts where appropriate and apply a suitable registered treatment.,"Improve ventilation, avoid unnecessary leaf wetness, and remove fallen debris.",Fruit,Severe,Warm and humid
643,Banana,Panama Disease,Brown or dark lesions appear on leaves and may spread to nearby tissue.,Infection can develop when moisture and temperature conditions favor the pathogen.,Prune infected parts where appropriate and apply a suitable registered treatment.,"Improve ventilation, avoid unnecessary leaf wetness, and remove fallen debris.",Stem,Low,Excess moisture
644,Cucumber,Powdery Mildew,"White powdery growth develops on leaves, shoots, or fruit surfaces.",Fungal growth is favored by humid conditions and poor airflow.,Remove heavily affected tissue and apply a suitable fungicide.,"Provide good spacing, airflow, and balanced irrigation.",Leaf,Low,Cool and wet
645,Peach,Bacterial Spot,"Yellowing leaves, small spots, and gradual leaf decline are observed.",The disease is associated with a plant pathogen and favorable environmental conditions.,Remove affected material and follow locally recommended disease-control practices.,"Use sanitation, proper spacing, clean planting material, and regular monitoring.",Leaf,Severe,High humidity
646,Pomegranate,Anthracnose,"Dark sunken spots develop on leaves, stems, or fruit and may enlarge over time.",Fungal infection commonly spreads in warm and wet conditions.,Remove infected material and use an appropriate fungicide.,Use clean planting material and reduce moisture on plant surfaces.,Stem,Severe,Warm and humid
647,Rice,Brown Spot,"Yellowing leaves, small spots, and gradual leaf decline are observed.",The disease is associated with a plant pathogen and favorable environmental conditions.,Remove affected material and follow locally recommended disease-control practices.,"Use sanitation, proper spacing, clean planting material, and regular monitoring.",Root,High,High humidity
648,Peach,Powdery Mildew,"White powdery growth develops on leaves, shoots, or fruit surfaces.",Fungal growth is favored by humid conditions and poor airflow.,Remove heavily affected tissue and apply a suitable fungicide.,"Provide good spacing, airflow, and balanced irrigation.",Stem,Low,Poor airflow
649,Bell Pepper,Powdery Mildew,"White powdery growth develops on leaves, shoots, or fruit surfaces.",Fungal growth is favored by humid conditions and poor airflow.,Remove heavily affected tissue and apply a suitable fungicide.,"Provide good spacing, airflow, and balanced irrigation.",Stem,Moderate,Excess moisture
650,Potato,Late Blight,Water-soaked dark lesions spread quickly across leaves and stems.,A fungal-like pathogen spreads rapidly under cool and wet conditions.,Remove severely infected tissue and use a recommended fungicide.,Improve airflow and avoid prolonged leaf wetness.,Leaf,Low,High humidity
651,Rice,Brown Spot,"Affected fruit or leaves show discoloration, spots, and reduced quality.","The condition may be caused by a fungal, bacterial, or viral pathogen.",Separate infected material and use disease-specific management recommended for the crop.,Start with healthy planting material and maintain field hygiene.,Leaf and Fruit,Moderate,Warm and humid
652,Pomegranate,Wilt,Brown or dark lesions appear on leaves and may spread to nearby tissue.,Infection can develop when moisture and temperature conditions favor the pathogen.,Prune infected parts where appropriate and apply a suitable registered treatment.,"Improve ventilation, avoid unnecessary leaf wetness, and remove fallen debris.",Leaf and Fruit,Severe,Cool and wet
653,Cucumber,Angular Leaf Spot,"Yellowing leaves, small spots, and gradual leaf decline are observed.",The disease is associated with a plant pathogen and favorable environmental conditions.,Remove affected material and follow locally recommended disease-control practices.,"Use sanitation, proper spacing, clean planting material, and regular monitoring.",Leaf,Severe,Excess moisture
654,Wheat,Septoria Leaf Blotch,"Affected fruit or leaves show discoloration, spots, and reduced quality.","The condition may be caused by a fungal, bacterial, or viral pathogen.",Separate infected material and use disease-specific management recommended for the crop.,Start with healthy planting material and maintain field hygiene.,Leaf,Moderate,Poor airflow
655,Peach,Brown Rot,"Yellowing leaves, small spots, and gradual leaf decline are observed.",The disease is associated with a plant pathogen and favorable environmental conditions.,Remove affected material and follow locally recommended disease-control practices.,"Use sanitation, proper spacing, clean planting material, and regular monitoring.",Fruit,Moderate,Warm and humid
656,Chilli,Anthracnose,"Dark sunken spots develop on leaves, stems, or fruit and may enlarge over time.",Fungal infection commonly spreads in warm and wet conditions.,Remove infected material and use an appropriate fungicide.,Use clean planting material and reduce moisture on plant surfaces.,Fruit,Severe,Cool and wet
657,Maize,Gray Leaf Spot,Brown or dark lesions appear on leaves and may spread to nearby tissue.,Infection can develop when moisture and temperature conditions favor the pathogen.,Prune infected parts where appropriate and apply a suitable registered treatment.,"Improve ventilation, avoid unnecessary leaf wetness, and remove fallen debris.",Leaf,Low,Poor airflow
658,Rice,Brown Spot,"Affected fruit or leaves show discoloration, spots, and reduced quality.","The condition may be caused by a fungal, bacterial, or viral pathogen.",Separate infected material and use disease-specific management recommended for the crop.,Start with healthy planting material and maintain field hygiene.,Stem,High,Excess moisture
659,Bell Pepper,Bacterial Spot,"Affected fruit or leaves show discoloration, spots, and reduced quality.","The condition may be caused by a fungal, bacterial, or viral pathogen.",Separate infected material and use disease-specific management recommended for the crop.,Start with healthy planting material and maintain field hygiene.,Leaf,Severe,Poor airflow
660,Mango,Powdery Mildew,"White powdery growth develops on leaves, shoots, or fruit surfaces.",Fungal growth is favored by humid conditions and poor airflow.,Remove heavily affected tissue and apply a suitable fungicide.,"Provide good spacing, airflow, and balanced irrigation.",Leaf,Low,Excess moisture
661,Grape,Powdery Mildew,"White powdery growth develops on leaves, shoots, or fruit surfaces.",Fungal growth is favored by humid conditions and poor airflow.,Remove heavily affected tissue and apply a suitable fungicide.,"Provide good spacing, airflow, and balanced irrigation.",Root,High,High humidity
662,Pomegranate,Anthracnose,"Dark sunken spots develop on leaves, stems, or fruit and may enlarge over time.",Fungal infection commonly spreads in warm and wet conditions.,Remove infected material and use an appropriate fungicide.,Use clean planting material and reduce moisture on plant surfaces.,Leaf,Severe,Cool and wet
663,Lemon,Anthracnose,"Dark sunken spots develop on leaves, stems, or fruit and may enlarge over time.",Fungal infection commonly spreads in warm and wet conditions.,Remove infected material and use an appropriate fungicide.,Use clean planting material and reduce moisture on plant surfaces.,Leaf and Fruit,Moderate,Excess moisture
664,Pomegranate,Bacterial Blight,Brown or dark lesions appear on leaves and may spread to nearby tissue.,Infection can develop when moisture and temperature conditions favor the pathogen.,Prune infected parts where appropriate and apply a suitable registered treatment.,"Improve ventilation, avoid unnecessary leaf wetness, and remove fallen debris.",Fruit,High,Warm and humid
665,Cucumber,Angular Leaf Spot,Brown or dark lesions appear on leaves and may spread to nearby tissue.,Infection can develop when moisture and temperature conditions favor the pathogen.,Prune infected parts where appropriate and apply a suitable registered treatment.,"Improve ventilation, avoid unnecessary leaf wetness, and remove fallen debris.",Stem,Low,High humidity
666,Guava,Fruit Rot,Brown or dark lesions appear on leaves and may spread to nearby tissue.,Infection can develop when moisture and temperature conditions favor the pathogen.,Prune infected parts where appropriate and apply a suitable registered treatment.,"Improve ventilation, avoid unnecessary leaf wetness, and remove fallen debris.",Fruit,Low,Cool and wet
667,Guava,Algal Leaf Spot,Brown or dark lesions appear on leaves and may spread to nearby tissue.,Infection can develop when moisture and temperature conditions favor the pathogen.,Prune infected parts where appropriate and apply a suitable registered treatment.,"Improve ventilation, avoid unnecessary leaf wetness, and remove fallen debris.",Root,High,Excess moisture
668,Apple,Black Rot,Brown or dark lesions appear on leaves and may spread to nearby tissue.,Infection can develop when moisture and temperature conditions favor the pathogen.,Prune infected parts where appropriate and apply a suitable registered treatment.,"Improve ventilation, avoid unnecessary leaf wetness, and remove fallen debris.",Root,Moderate,Poor airflow
669,Watermelon,Gummy Stem Blight,"Yellowing leaves, small spots, and gradual leaf decline are observed.",The disease is associated with a plant pathogen and favorable environmental conditions.,Remove affected material and follow locally recommended disease-control practices.,"Use sanitation, proper spacing, clean planting material, and regular monitoring.",Leaf,Moderate,High humidity
670,Watermelon,Fusarium Wilt,"Yellowing leaves, small spots, and gradual leaf decline are observed.",The disease is associated with a plant pathogen and favorable environmental conditions.,Remove affected material and follow locally recommended disease-control practices.,"Use sanitation, proper spacing, clean planting material, and regular monitoring.",Fruit,Low,Cool and wet
671,Strawberry,Gray Mold,"Yellowing leaves, small spots, and gradual leaf decline are observed.",The disease is associated with a plant pathogen and favorable environmental conditions.,Remove affected material and follow locally recommended disease-control practices.,"Use sanitation, proper spacing, clean planting material, and regular monitoring.",Root,Low,Warm and humid
672,Banana,Black Sigatoka,Brown or dark lesions appear on leaves and may spread to nearby tissue.,Infection can develop when moisture and temperature conditions favor the pathogen.,Prune infected parts where appropriate and apply a suitable registered treatment.,"Improve ventilation, avoid unnecessary leaf wetness, and remove fallen debris.",Root,High,Excess moisture
673,Pomegranate,Bacterial Blight,"Affected fruit or leaves show discoloration, spots, and reduced quality.","The condition may be caused by a fungal, bacterial, or viral pathogen.",Separate infected material and use disease-specific management recommended for the crop.,Start with healthy planting material and maintain field hygiene.,Fruit,Low,High humidity
674,Cucumber,Fusarium Wilt,Brown or dark lesions appear on leaves and may spread to nearby tissue.,Infection can develop when moisture and temperature conditions favor the pathogen.,Prune infected parts where appropriate and apply a suitable registered treatment.,"Improve ventilation, avoid unnecessary leaf wetness, and remove fallen debris.",Root,Moderate,Excess moisture
675,Rice,Sheath Blight,Brown or dark lesions appear on leaves and may spread to nearby tissue.,Infection can develop when moisture and temperature conditions favor the pathogen.,Prune infected parts where appropriate and apply a suitable registered treatment.,"Improve ventilation, avoid unnecessary leaf wetness, and remove fallen debris.",Stem,Moderate,Warm and humid
676,Guava,Anthracnose,"Dark sunken spots develop on leaves, stems, or fruit and may enlarge over time.",Fungal infection commonly spreads in warm and wet conditions.,Remove infected material and use an appropriate fungicide.,Use clean planting material and reduce moisture on plant surfaces.,Leaf,Severe,Cool and wet
677,Wheat,Stem Rust,"Yellowing leaves, small spots, and gradual leaf decline are observed.",The disease is associated with a plant pathogen and favorable environmental conditions.,Remove affected material and follow locally recommended disease-control practices.,"Use sanitation, proper spacing, clean planting material, and regular monitoring.",Fruit,Moderate,High humidity
678,Chilli,Damping Off,"Yellowing leaves, small spots, and gradual leaf decline are observed.",The disease is associated with a plant pathogen and favorable environmental conditions.,Remove affected material and follow locally recommended disease-control practices.,"Use sanitation, proper spacing, clean planting material, and regular monitoring.",Root,Low,Cool and wet
679,Peach,Crown Gall,"Yellowing leaves, small spots, and gradual leaf decline are observed.",The disease is associated with a plant pathogen and favorable environmental conditions.,Remove affected material and follow locally recommended disease-control practices.,"Use sanitation, proper spacing, clean planting material, and regular monitoring.",Stem,Moderate,Excess moisture
680,Guava,Fruit Rot,Brown or dark lesions appear on leaves and may spread to nearby tissue.,Infection can develop when moisture and temperature conditions favor the pathogen.,Prune infected parts where appropriate and apply a suitable registered treatment.,"Improve ventilation, avoid unnecessary leaf wetness, and remove fallen debris.",Stem,Severe,Poor airflow
681,Lemon,Greasy Spot,Brown or dark lesions appear on leaves and may spread to nearby tissue.,Infection can develop when moisture and temperature conditions favor the pathogen.,Prune infected parts where appropriate and apply a suitable registered treatment.,"Improve ventilation, avoid unnecessary leaf wetness, and remove fallen debris.",Leaf and Fruit,High,Excess moisture
682,Pomegranate,Wilt,"Yellowing leaves, small spots, and gradual leaf decline are observed.",The disease is associated with a plant pathogen and favorable environmental conditions.,Remove affected material and follow locally recommended disease-control practices.,"Use sanitation, proper spacing, clean planting material, and regular monitoring.",Leaf and Fruit,Low,High humidity
683,Rice,Tungro,"Affected fruit or leaves show discoloration, spots, and reduced quality.","The condition may be caused by a fungal, bacterial, or viral pathogen.",Separate infected material and use disease-specific management recommended for the crop.,Start with healthy planting material and maintain field hygiene.,Stem,High,Warm and humid
684,Cucumber,Downy Mildew,Brown or dark lesions appear on leaves and may spread to nearby tissue.,Infection can develop when moisture and temperature conditions favor the pathogen.,Prune infected parts where appropriate and apply a suitable registered treatment.,"Improve ventilation, avoid unnecessary leaf wetness, and remove fallen debris.",Stem,High,High humidity
685,Lemon,Sooty Mold,"Yellowing leaves, small spots, and gradual leaf decline are observed.",The disease is associated with a plant pathogen and favorable environmental conditions.,Remove affected material and follow locally recommended disease-control practices.,"Use sanitation, proper spacing, clean planting material, and regular monitoring.",Leaf and Fruit,Moderate,Cool and wet
686,Potato,Viral Leaf Curl,Brown or dark lesions appear on leaves and may spread to nearby tissue.,Infection can develop when moisture and temperature conditions favor the pathogen.,Prune infected parts where appropriate and apply a suitable registered treatment.,"Improve ventilation, avoid unnecessary leaf wetness, and remove fallen debris.",Fruit,High,Warm and humid
687,Cucumber,Angular Leaf Spot,Brown or dark lesions appear on leaves and may spread to nearby tissue.,Infection can develop when moisture and temperature conditions favor the pathogen.,Prune infected parts where appropriate and apply a suitable registered treatment.,"Improve ventilation, avoid unnecessary leaf wetness, and remove fallen debris.",Root,Severe,Poor airflow
688,Potato,Viral Leaf Curl,"Affected fruit or leaves show discoloration, spots, and reduced quality.","The condition may be caused by a fungal, bacterial, or viral pathogen.",Separate infected material and use disease-specific management recommended for the crop.,Start with healthy planting material and maintain field hygiene.,Stem,Moderate,Cool and wet
689,Rice,Brown Spot,"Affected fruit or leaves show discoloration, spots, and reduced quality.","The condition may be caused by a fungal, bacterial, or viral pathogen.",Separate infected material and use disease-specific management recommended for the crop.,Start with healthy planting material and maintain field hygiene.,Leaf and Fruit,High,High humidity
690,Peach,Crown Gall,"Yellowing leaves, small spots, and gradual leaf decline are observed.",The disease is associated with a plant pathogen and favorable environmental conditions.,Remove affected material and follow locally recommended disease-control practices.,"Use sanitation, proper spacing, clean planting material, and regular monitoring.",Leaf,High,Poor airflow
691,Mango,Bacterial Black Spot,"Affected fruit or leaves show discoloration, spots, and reduced quality.","The condition may be caused by a fungal, bacterial, or viral pathogen.",Separate infected material and use disease-specific management recommended for the crop.,Start with healthy planting material and maintain field hygiene.,Stem,Moderate,Warm and humid
692,Orange,Citrus Black Spot,"Yellowing leaves, small spots, and gradual leaf decline are observed.",The disease is associated with a plant pathogen and favorable environmental conditions.,Remove affected material and follow locally recommended disease-control practices.,"Use sanitation, proper spacing, clean planting material, and regular monitoring.",Root,High,High humidity
693,Banana,Yellow Sigatoka,"Affected fruit or leaves show discoloration, spots, and reduced quality.","The condition may be caused by a fungal, bacterial, or viral pathogen.",Separate infected material and use disease-specific management recommended for the crop.,Start with healthy planting material and maintain field hygiene.,Root,High,Warm and humid
694,Cucumber,Downy Mildew,"Affected fruit or leaves show discoloration, spots, and reduced quality.","The condition may be caused by a fungal, bacterial, or viral pathogen.",Separate infected material and use disease-specific management recommended for the crop.,Start with healthy planting material and maintain field hygiene.,Root,Low,Cool and wet
695,Watermelon,Anthracnose,"Dark sunken spots develop on leaves, stems, or fruit and may enlarge over time.",Fungal infection commonly spreads in warm and wet conditions.,Remove infected material and use an appropriate fungicide.,Use clean planting material and reduce moisture on plant surfaces.,Leaf and Fruit,Severe,High humidity
696,Chilli,Anthracnose,"Dark sunken spots develop on leaves, stems, or fruit and may enlarge over time.",Fungal infection commonly spreads in warm and wet conditions.,Remove infected material and use an appropriate fungicide.,Use clean planting material and reduce moisture on plant surfaces.,Fruit,Moderate,Cool and wet
697,Papaya,Black Spot,"Affected fruit or leaves show discoloration, spots, and reduced quality.","The condition may be caused by a fungal, bacterial, or viral pathogen.",Separate infected material and use disease-specific management recommended for the crop.,Start with healthy planting material and maintain field hygiene.,Fruit,Severe,High humidity
698,Peach,Leaf Curl,Brown or dark lesions appear on leaves and may spread to nearby tissue.,Infection can develop when moisture and temperature conditions favor the pathogen.,Prune infected parts where appropriate and apply a suitable registered treatment.,"Improve ventilation, avoid unnecessary leaf wetness, and remove fallen debris.",Fruit,High,High humidity
699,Potato,Early Blight,Dark brown circular lesions with concentric rings appear on older leaves.,"Fungal infection favored by warm, humid conditions.",Remove affected leaves and apply an appropriate fungicide.,"Maintain plant spacing, avoid overhead irrigation, and remove crop debris.",Stem,Severe,Cool and wet
700,Peach,Crown Gall,"Yellowing leaves, small spots, and gradual leaf decline are observed.",The disease is associated with a plant pathogen and favorable environmental conditions.,Remove affected material and follow locally recommended disease-control practices.,"Use sanitation, proper spacing, clean planting material, and regular monitoring.",Leaf,Severe,Cool and wet
701,Maize,Downy Mildew,"Affected fruit or leaves show discoloration, spots, and reduced quality.","The condition may be caused by a fungal, bacterial, or viral pathogen.",Separate infected material and use disease-specific management recommended for the crop.,Start with healthy planting material and maintain field hygiene.,Root,Severe,Poor airflow
702,Cucumber,Anthracnose,"Dark sunken spots develop on leaves, stems, or fruit and may enlarge over time.",Fungal infection commonly spreads in warm and wet conditions.,Remove infected material and use an appropriate fungicide.,Use clean planting material and reduce moisture on plant surfaces.,Leaf,Low,Excess moisture
703,Strawberry,Leaf Scorch,"Yellowing leaves, small spots, and gradual leaf decline are observed.",The disease is associated with a plant pathogen and favorable environmental conditions.,Remove affected material and follow locally recommended disease-control practices.,"Use sanitation, proper spacing, clean planting material, and regular monitoring.",Leaf and Fruit,High,Cool and wet
704,Tomato,Early Blight,Dark brown circular lesions with concentric rings appear on older leaves.,"Fungal infection favored by warm, humid conditions.",Remove affected leaves and apply an appropriate fungicide.,"Maintain plant spacing, avoid overhead irrigation, and remove crop debris.",Fruit,Moderate,High humidity
705,Guava,Wilt,"Yellowing leaves, small spots, and gradual leaf decline are observed.",The disease is associated with a plant pathogen and favorable environmental conditions.,Remove affected material and follow locally recommended disease-control practices.,"Use sanitation, proper spacing, clean planting material, and regular monitoring.",Leaf and Fruit,Severe,Excess moisture
706,Guava,Wilt,"Yellowing leaves, small spots, and gradual leaf decline are observed.",The disease is associated with a plant pathogen and favorable environmental conditions.,Remove affected material and follow locally recommended disease-control practices.,"Use sanitation, proper spacing, clean planting material, and regular monitoring.",Stem,Low,High humidity
707,Bell Pepper,Mosaic Virus,"Affected fruit or leaves show discoloration, spots, and reduced quality.","The condition may be caused by a fungal, bacterial, or viral pathogen.",Separate infected material and use disease-specific management recommended for the crop.,Start with healthy planting material and maintain field hygiene.,Root,High,Cool and wet
708,Papaya,Black Spot,Brown or dark lesions appear on leaves and may spread to nearby tissue.,Infection can develop when moisture and temperature conditions favor the pathogen.,Prune infected parts where appropriate and apply a suitable registered treatment.,"Improve ventilation, avoid unnecessary leaf wetness, and remove fallen debris.",Fruit,Moderate,Poor airflow
709,Tomato,Late Blight,Water-soaked dark lesions spread quickly across leaves and stems.,A fungal-like pathogen spreads rapidly under cool and wet conditions.,Remove severely infected tissue and use a recommended fungicide.,Improve airflow and avoid prolonged leaf wetness.,Fruit,Moderate,Cool and wet
710,Tomato,Septoria Leaf Spot,"Affected fruit or leaves show discoloration, spots, and reduced quality.","The condition may be caused by a fungal, bacterial, or viral pathogen.",Separate infected material and use disease-specific management recommended for the crop.,Start with healthy planting material and maintain field hygiene.,Leaf,Moderate,High humidity
711,Potato,Blackleg,"Affected fruit or leaves show discoloration, spots, and reduced quality.","The condition may be caused by a fungal, bacterial, or viral pathogen.",Separate infected material and use disease-specific management recommended for the crop.,Start with healthy planting material and maintain field hygiene.,Leaf and Fruit,High,Excess moisture
712,Potato,Viral Leaf Curl,"Yellowing leaves, small spots, and gradual leaf decline are observed.",The disease is associated with a plant pathogen and favorable environmental conditions.,Remove affected material and follow locally recommended disease-control practices.,"Use sanitation, proper spacing, clean planting material, and regular monitoring.",Leaf,Low,Warm and humid
713,Grape,Anthracnose,"Dark sunken spots develop on leaves, stems, or fruit and may enlarge over time.",Fungal infection commonly spreads in warm and wet conditions.,Remove infected material and use an appropriate fungicide.,Use clean planting material and reduce moisture on plant surfaces.,Root,Severe,Warm and humid
714,Rice,Sheath Blight,Brown or dark lesions appear on leaves and may spread to nearby tissue.,Infection can develop when moisture and temperature conditions favor the pathogen.,Prune infected parts where appropriate and apply a suitable registered treatment.,"Improve ventilation, avoid unnecessary leaf wetness, and remove fallen debris.",Fruit,Moderate,Warm and humid
715,Guava,Algal Leaf Spot,"Affected fruit or leaves show discoloration, spots, and reduced quality.","The condition may be caused by a fungal, bacterial, or viral pathogen.",Separate infected material and use disease-specific management recommended for the crop.,Start with healthy planting material and maintain field hygiene.,Leaf and Fruit,Low,High humidity
716,Maize,Ear Rot,"Affected fruit or leaves show discoloration, spots, and reduced quality.","The condition may be caused by a fungal, bacterial, or viral pathogen.",Separate infected material and use disease-specific management recommended for the crop.,Start with healthy planting material and maintain field hygiene.,Root,Moderate,Warm and humid
717,Watermelon,Powdery Mildew,"White powdery growth develops on leaves, shoots, or fruit surfaces.",Fungal growth is favored by humid conditions and poor airflow.,Remove heavily affected tissue and apply a suitable fungicide.,"Provide good spacing, airflow, and balanced irrigation.",Stem,Low,Warm and humid
718,Grape,Anthracnose,"Dark sunken spots develop on leaves, stems, or fruit and may enlarge over time.",Fungal infection commonly spreads in warm and wet conditions.,Remove infected material and use an appropriate fungicide.,Use clean planting material and reduce moisture on plant surfaces.,Leaf and Fruit,Moderate,Cool and wet
719,Lemon,Root Rot,"Yellowing leaves, small spots, and gradual leaf decline are observed.",The disease is associated with a plant pathogen and favorable environmental conditions.,Remove affected material and follow locally recommended disease-control practices.,"Use sanitation, proper spacing, clean planting material, and regular monitoring.",Root,High,High humidity
720,Peach,Leaf Curl,"Affected fruit or leaves show discoloration, spots, and reduced quality.","The condition may be caused by a fungal, bacterial, or viral pathogen.",Separate infected material and use disease-specific management recommended for the crop.,Start with healthy planting material and maintain field hygiene.,Fruit,Severe,Poor airflow
721,Papaya,Powdery Mildew,"White powdery growth develops on leaves, shoots, or fruit surfaces.",Fungal growth is favored by humid conditions and poor airflow.,Remove heavily affected tissue and apply a suitable fungicide.,"Provide good spacing, airflow, and balanced irrigation.",Leaf,Low,Warm and humid
722,Grape,Botrytis Bunch Rot,"Affected fruit or leaves show discoloration, spots, and reduced quality.","The condition may be caused by a fungal, bacterial, or viral pathogen.",Separate infected material and use disease-specific management recommended for the crop.,Start with healthy planting material and maintain field hygiene.,Fruit,Severe,Warm and humid
723,Watermelon,Anthracnose,"Dark sunken spots develop on leaves, stems, or fruit and may enlarge over time.",Fungal infection commonly spreads in warm and wet conditions.,Remove infected material and use an appropriate fungicide.,Use clean planting material and reduce moisture on plant surfaces.,Stem,Low,Cool and wet
724,Bell Pepper,Powdery Mildew,"White powdery growth develops on leaves, shoots, or fruit surfaces.",Fungal growth is favored by humid conditions and poor airflow.,Remove heavily affected tissue and apply a suitable fungicide.,"Provide good spacing, airflow, and balanced irrigation.",Root,High,Warm and humid
725,Grape,Downy Mildew,"Yellowing leaves, small spots, and gradual leaf decline are observed.",The disease is associated with a plant pathogen and favorable environmental conditions.,Remove affected material and follow locally recommended disease-control practices.,"Use sanitation, proper spacing, clean planting material, and regular monitoring.",Stem,High,High humidity
726,Chilli,Anthracnose,"Dark sunken spots develop on leaves, stems, or fruit and may enlarge over time.",Fungal infection commonly spreads in warm and wet conditions.,Remove infected material and use an appropriate fungicide.,Use clean planting material and reduce moisture on plant surfaces.,Leaf,Low,Warm and humid
727,Mango,Powdery Mildew,"White powdery growth develops on leaves, shoots, or fruit surfaces.",Fungal growth is favored by humid conditions and poor airflow.,Remove heavily affected tissue and apply a suitable fungicide.,"Provide good spacing, airflow, and balanced irrigation.",Stem,High,Poor airflow
728,Maize,Gray Leaf Spot,"Affected fruit or leaves show discoloration, spots, and reduced quality.","The condition may be caused by a fungal, bacterial, or viral pathogen.",Separate infected material and use disease-specific management recommended for the crop.,Start with healthy planting material and maintain field hygiene.,Stem,Low,High humidity
729,Peach,Leaf Curl,Brown or dark lesions appear on leaves and may spread to nearby tissue.,Infection can develop when moisture and temperature conditions favor the pathogen.,Prune infected parts where appropriate and apply a suitable registered treatment.,"Improve ventilation, avoid unnecessary leaf wetness, and remove fallen debris.",Root,Severe,High humidity
730,Pomegranate,Anthracnose,"Dark sunken spots develop on leaves, stems, or fruit and may enlarge over time.",Fungal infection commonly spreads in warm and wet conditions.,Remove infected material and use an appropriate fungicide.,Use clean planting material and reduce moisture on plant surfaces.,Fruit,Severe,Warm and humid
731,Mango,Anthracnose,"Dark sunken spots develop on leaves, stems, or fruit and may enlarge over time.",Fungal infection commonly spreads in warm and wet conditions.,Remove infected material and use an appropriate fungicide.,Use clean planting material and reduce moisture on plant surfaces.,Leaf,Moderate,Poor airflow
732,Wheat,Powdery Mildew,"White powdery growth develops on leaves, shoots, or fruit surfaces.",Fungal growth is favored by humid conditions and poor airflow.,Remove heavily affected tissue and apply a suitable fungicide.,"Provide good spacing, airflow, and balanced irrigation.",Fruit,Severe,Excess moisture
733,Pomegranate,Leaf Spot,"Affected fruit or leaves show discoloration, spots, and reduced quality.","The condition may be caused by a fungal, bacterial, or viral pathogen.",Separate infected material and use disease-specific management recommended for the crop.,Start with healthy planting material and maintain field hygiene.,Fruit,Low,Poor airflow
734,Cucumber,Downy Mildew,Brown or dark lesions appear on leaves and may spread to nearby tissue.,Infection can develop when moisture and temperature conditions favor the pathogen.,Prune infected parts where appropriate and apply a suitable registered treatment.,"Improve ventilation, avoid unnecessary leaf wetness, and remove fallen debris.",Leaf,Severe,Warm and humid
735,Lemon,Sooty Mold,"Yellowing leaves, small spots, and gradual leaf decline are observed.",The disease is associated with a plant pathogen and favorable environmental conditions.,Remove affected material and follow locally recommended disease-control practices.,"Use sanitation, proper spacing, clean planting material, and regular monitoring.",Stem,Moderate,Excess moisture
736,Watermelon,Powdery Mildew,"White powdery growth develops on leaves, shoots, or fruit surfaces.",Fungal growth is favored by humid conditions and poor airflow.,Remove heavily affected tissue and apply a suitable fungicide.,"Provide good spacing, airflow, and balanced irrigation.",Root,Low,Cool and wet
737,Cucumber,Angular Leaf Spot,"Affected fruit or leaves show discoloration, spots, and reduced quality.","The condition may be caused by a fungal, bacterial, or viral pathogen.",Separate infected material and use disease-specific management recommended for the crop.,Start with healthy planting material and maintain field hygiene.,Fruit,Severe,Excess moisture
738,Maize,Northern Leaf Blight,"Yellowing leaves, small spots, and gradual leaf decline are observed.",The disease is associated with a plant pathogen and favorable environmental conditions.,Remove affected material and follow locally recommended disease-control practices.,"Use sanitation, proper spacing, clean planting material, and regular monitoring.",Leaf and Fruit,Moderate,Poor airflow
739,Cucumber,Powdery Mildew,"White powdery growth develops on leaves, shoots, or fruit surfaces.",Fungal growth is favored by humid conditions and poor airflow.,Remove heavily affected tissue and apply a suitable fungicide.,"Provide good spacing, airflow, and balanced irrigation.",Root,Low,High humidity
740,Orange,Citrus Black Spot,Brown or dark lesions appear on leaves and may spread to nearby tissue.,Infection can develop when moisture and temperature conditions favor the pathogen.,Prune infected parts where appropriate and apply a suitable registered treatment.,"Improve ventilation, avoid unnecessary leaf wetness, and remove fallen debris.",Leaf and Fruit,Low,Cool and wet
741,Rice,Brown Spot,Brown or dark lesions appear on leaves and may spread to nearby tissue.,Infection can develop when moisture and temperature conditions favor the pathogen.,Prune infected parts where appropriate and apply a suitable registered treatment.,"Improve ventilation, avoid unnecessary leaf wetness, and remove fallen debris.",Leaf,Moderate,Poor airflow
742,Bell Pepper,Mosaic Virus,Brown or dark lesions appear on leaves and may spread to nearby tissue.,Infection can develop when moisture and temperature conditions favor the pathogen.,Prune infected parts where appropriate and apply a suitable registered treatment.,"Improve ventilation, avoid unnecessary leaf wetness, and remove fallen debris.",Root,Low,Poor airflow
743,Papaya,Papaya Ringspot,Brown or dark lesions appear on leaves and may spread to nearby tissue.,Infection can develop when moisture and temperature conditions favor the pathogen.,Prune infected parts where appropriate and apply a suitable registered treatment.,"Improve ventilation, avoid unnecessary leaf wetness, and remove fallen debris.",Leaf,Low,Poor airflow
744,Chilli,Anthracnose,"Dark sunken spots develop on leaves, stems, or fruit and may enlarge over time.",Fungal infection commonly spreads in warm and wet conditions.,Remove infected material and use an appropriate fungicide.,Use clean planting material and reduce moisture on plant surfaces.,Leaf,Low,Excess moisture
745,Maize,Gray Leaf Spot,"Affected fruit or leaves show discoloration, spots, and reduced quality.","The condition may be caused by a fungal, bacterial, or viral pathogen.",Separate infected material and use disease-specific management recommended for the crop.,Start with healthy planting material and maintain field hygiene.,Root,Moderate,High humidity
746,Banana,Panama Disease,"Yellowing leaves, small spots, and gradual leaf decline are observed.",The disease is associated with a plant pathogen and favorable environmental conditions.,Remove affected material and follow locally recommended disease-control practices.,"Use sanitation, proper spacing, clean planting material, and regular monitoring.",Stem,Severe,Excess moisture
747,Maize,Ear Rot,Brown or dark lesions appear on leaves and may spread to nearby tissue.,Infection can develop when moisture and temperature conditions favor the pathogen.,Prune infected parts where appropriate and apply a suitable registered treatment.,"Improve ventilation, avoid unnecessary leaf wetness, and remove fallen debris.",Root,High,Warm and humid
748,Grape,Downy Mildew,"Yellowing leaves, small spots, and gradual leaf decline are observed.",The disease is associated with a plant pathogen and favorable environmental conditions.,Remove affected material and follow locally recommended disease-control practices.,"Use sanitation, proper spacing, clean planting material, and regular monitoring.",Stem,High,High humidity
749,Rice,Tungro,Brown or dark lesions appear on leaves and may spread to nearby tissue.,Infection can develop when moisture and temperature conditions favor the pathogen.,Prune infected parts where appropriate and apply a suitable registered treatment.,"Improve ventilation, avoid unnecessary leaf wetness, and remove fallen debris.",Leaf,Low,Cool and wet
750,Cucumber,Powdery Mildew,"White powdery growth develops on leaves, shoots, or fruit surfaces.",Fungal growth is favored by humid conditions and poor airflow.,Remove heavily affected tissue and apply a suitable fungicide.,"Provide good spacing, airflow, and balanced irrigation.",Leaf,Severe,High humidity
751,Maize,Common Rust,"Yellowing leaves, small spots, and gradual leaf decline are observed.",The disease is associated with a plant pathogen and favorable environmental conditions.,Remove affected material and follow locally recommended disease-control practices.,"Use sanitation, proper spacing, clean planting material, and regular monitoring.",Root,Low,Cool and wet
752,Bell Pepper,Phytophthora Blight,"Affected fruit or leaves show discoloration, spots, and reduced quality.","The condition may be caused by a fungal, bacterial, or viral pathogen.",Separate infected material and use disease-specific management recommended for the crop.,Start with healthy planting material and maintain field hygiene.,Leaf,High,Poor airflow
753,Potato,Viral Leaf Curl,"Yellowing leaves, small spots, and gradual leaf decline are observed.",The disease is associated with a plant pathogen and favorable environmental conditions.,Remove affected material and follow locally recommended disease-control practices.,"Use sanitation, proper spacing, clean planting material, and regular monitoring.",Root,Severe,Excess moisture
754,Watermelon,Downy Mildew,Brown or dark lesions appear on leaves and may spread to nearby tissue.,Infection can develop when moisture and temperature conditions favor the pathogen.,Prune infected parts where appropriate and apply a suitable registered treatment.,"Improve ventilation, avoid unnecessary leaf wetness, and remove fallen debris.",Leaf and Fruit,Low,Warm and humid
755,Rice,Brown Spot,"Affected fruit or leaves show discoloration, spots, and reduced quality.","The condition may be caused by a fungal, bacterial, or viral pathogen.",Separate infected material and use disease-specific management recommended for the crop.,Start with healthy planting material and maintain field hygiene.,Leaf and Fruit,Severe,Cool and wet
756,Wheat,Stem Rust,"Affected fruit or leaves show discoloration, spots, and reduced quality.","The condition may be caused by a fungal, bacterial, or viral pathogen.",Separate infected material and use disease-specific management recommended for the crop.,Start with healthy planting material and maintain field hygiene.,Leaf,Moderate,Poor airflow
757,Maize,Ear Rot,Brown or dark lesions appear on leaves and may spread to nearby tissue.,Infection can develop when moisture and temperature conditions favor the pathogen.,Prune infected parts where appropriate and apply a suitable registered treatment.,"Improve ventilation, avoid unnecessary leaf wetness, and remove fallen debris.",Root,Severe,Excess moisture
758,Orange,Citrus Black Spot,Brown or dark lesions appear on leaves and may spread to nearby tissue.,Infection can develop when moisture and temperature conditions favor the pathogen.,Prune infected parts where appropriate and apply a suitable registered treatment.,"Improve ventilation, avoid unnecessary leaf wetness, and remove fallen debris.",Stem,High,Poor airflow
759,Mango,Powdery Mildew,"White powdery growth develops on leaves, shoots, or fruit surfaces.",Fungal growth is favored by humid conditions and poor airflow.,Remove heavily affected tissue and apply a suitable fungicide.,"Provide good spacing, airflow, and balanced irrigation.",Leaf and Fruit,Severe,Excess moisture
760,Guava,Mucor Rot,Brown or dark lesions appear on leaves and may spread to nearby tissue.,Infection can develop when moisture and temperature conditions favor the pathogen.,Prune infected parts where appropriate and apply a suitable registered treatment.,"Improve ventilation, avoid unnecessary leaf wetness, and remove fallen debris.",Fruit,Moderate,Cool and wet
761,Maize,Gray Leaf Spot,"Affected fruit or leaves show discoloration, spots, and reduced quality.","The condition may be caused by a fungal, bacterial, or viral pathogen.",Separate infected material and use disease-specific management recommended for the crop.,Start with healthy planting material and maintain field hygiene.,Fruit,High,Cool and wet
762,Watermelon,Powdery Mildew,"White powdery growth develops on leaves, shoots, or fruit surfaces.",Fungal growth is favored by humid conditions and poor airflow.,Remove heavily affected tissue and apply a suitable fungicide.,"Provide good spacing, airflow, and balanced irrigation.",Leaf,High,High humidity
763,Rice,Brown Spot,"Affected fruit or leaves show discoloration, spots, and reduced quality.","The condition may be caused by a fungal, bacterial, or viral pathogen.",Separate infected material and use disease-specific management recommended for the crop.,Start with healthy planting material and maintain field hygiene.,Leaf and Fruit,Severe,High humidity
764,Chilli,Anthracnose,"Dark sunken spots develop on leaves, stems, or fruit and may enlarge over time.",Fungal infection commonly spreads in warm and wet conditions.,Remove infected material and use an appropriate fungicide.,Use clean planting material and reduce moisture on plant surfaces.,Leaf,Low,Poor airflow
765,Mango,Anthracnose,"Dark sunken spots develop on leaves, stems, or fruit and may enlarge over time.",Fungal infection commonly spreads in warm and wet conditions.,Remove infected material and use an appropriate fungicide.,Use clean planting material and reduce moisture on plant surfaces.,Fruit,Low,High humidity
766,Peach,Bacterial Spot,"Affected fruit or leaves show discoloration, spots, and reduced quality.","The condition may be caused by a fungal, bacterial, or viral pathogen.",Separate infected material and use disease-specific management recommended for the crop.,Start with healthy planting material and maintain field hygiene.,Fruit,High,Warm and humid
767,Guava,Wilt,"Affected fruit or leaves show discoloration, spots, and reduced quality.","The condition may be caused by a fungal, bacterial, or viral pathogen.",Separate infected material and use disease-specific management recommended for the crop.,Start with healthy planting material and maintain field hygiene.,Stem,Low,Poor airflow
768,Grape,Botrytis Bunch Rot,"Affected fruit or leaves show discoloration, spots, and reduced quality.","The condition may be caused by a fungal, bacterial, or viral pathogen.",Separate infected material and use disease-specific management recommended for the crop.,Start with healthy planting material and maintain field hygiene.,Leaf and Fruit,Moderate,Poor airflow
769,Orange,Sooty Mold,"Affected fruit or leaves show discoloration, spots, and reduced quality.","The condition may be caused by a fungal, bacterial, or viral pathogen.",Separate infected material and use disease-specific management recommended for the crop.,Start with healthy planting material and maintain field hygiene.,Leaf,High,Poor airflow
770,Pomegranate,Anthracnose,"Dark sunken spots develop on leaves, stems, or fruit and may enlarge over time.",Fungal infection commonly spreads in warm and wet conditions.,Remove infected material and use an appropriate fungicide.,Use clean planting material and reduce moisture on plant surfaces.,Leaf and Fruit,High,Warm and humid
771,Tomato,Bacterial Spot,"Yellowing leaves, small spots, and gradual leaf decline are observed.",The disease is associated with a plant pathogen and favorable environmental conditions.,Remove affected material and follow locally recommended disease-control practices.,"Use sanitation, proper spacing, clean planting material, and regular monitoring.",Fruit,Severe,High humidity
772,Wheat,Septoria Leaf Blotch,"Affected fruit or leaves show discoloration, spots, and reduced quality.","The condition may be caused by a fungal, bacterial, or viral pathogen.",Separate infected material and use disease-specific management recommended for the crop.,Start with healthy planting material and maintain field hygiene.,Fruit,Moderate,High humidity
773,Bell Pepper,Phytophthora Blight,"Affected fruit or leaves show discoloration, spots, and reduced quality.","The condition may be caused by a fungal, bacterial, or viral pathogen.",Separate infected material and use disease-specific management recommended for the crop.,Start with healthy planting material and maintain field hygiene.,Fruit,Low,Cool and wet
774,Watermelon,Anthracnose,"Dark sunken spots develop on leaves, stems, or fruit and may enlarge over time.",Fungal infection commonly spreads in warm and wet conditions.,Remove infected material and use an appropriate fungicide.,Use clean planting material and reduce moisture on plant surfaces.,Leaf,Severe,Poor airflow
775,Lemon,Root Rot,Brown or dark lesions appear on leaves and may spread to nearby tissue.,Infection can develop when moisture and temperature conditions favor the pathogen.,Prune infected parts where appropriate and apply a suitable registered treatment.,"Improve ventilation, avoid unnecessary leaf wetness, and remove fallen debris.",Fruit,Moderate,Excess moisture
776,Lemon,Citrus Canker,Brown or dark lesions appear on leaves and may spread to nearby tissue.,Infection can develop when moisture and temperature conditions favor the pathogen.,Prune infected parts where appropriate and apply a suitable registered treatment.,"Improve ventilation, avoid unnecessary leaf wetness, and remove fallen debris.",Fruit,Severe,Warm and humid
777,Mango,Bacterial Black Spot,"Affected fruit or leaves show discoloration, spots, and reduced quality.","The condition may be caused by a fungal, bacterial, or viral pathogen.",Separate infected material and use disease-specific management recommended for the crop.,Start with healthy planting material and maintain field hygiene.,Leaf and Fruit,Low,High humidity
778,Cucumber,Fusarium Wilt,"Affected fruit or leaves show discoloration, spots, and reduced quality.","The condition may be caused by a fungal, bacterial, or viral pathogen.",Separate infected material and use disease-specific management recommended for the crop.,Start with healthy planting material and maintain field hygiene.,Leaf,High,High humidity
779,Watermelon,Downy Mildew,"Yellowing leaves, small spots, and gradual leaf decline are observed.",The disease is associated with a plant pathogen and favorable environmental conditions.,Remove affected material and follow locally recommended disease-control practices.,"Use sanitation, proper spacing, clean planting material, and regular monitoring.",Leaf and Fruit,Low,Cool and wet
780,Chilli,Damping Off,"Affected fruit or leaves show discoloration, spots, and reduced quality.","The condition may be caused by a fungal, bacterial, or viral pathogen.",Separate infected material and use disease-specific management recommended for the crop.,Start with healthy planting material and maintain field hygiene.,Leaf,Severe,High humidity
781,Orange,Greasy Spot,"Affected fruit or leaves show discoloration, spots, and reduced quality.","The condition may be caused by a fungal, bacterial, or viral pathogen.",Separate infected material and use disease-specific management recommended for the crop.,Start with healthy planting material and maintain field hygiene.,Stem,High,High humidity
782,Guava,Wilt,"Affected fruit or leaves show discoloration, spots, and reduced quality.","The condition may be caused by a fungal, bacterial, or viral pathogen.",Separate infected material and use disease-specific management recommended for the crop.,Start with healthy planting material and maintain field hygiene.,Leaf and Fruit,Severe,Warm and humid
783,Grape,Powdery Mildew,"White powdery growth develops on leaves, shoots, or fruit surfaces.",Fungal growth is favored by humid conditions and poor airflow.,Remove heavily affected tissue and apply a suitable fungicide.,"Provide good spacing, airflow, and balanced irrigation.",Fruit,Severe,Excess moisture
784,Maize,Common Rust,"Yellowing leaves, small spots, and gradual leaf decline are observed.",The disease is associated with a plant pathogen and favorable environmental conditions.,Remove affected material and follow locally recommended disease-control practices.,"Use sanitation, proper spacing, clean planting material, and regular monitoring.",Root,High,Warm and humid
785,Pomegranate,Leaf Spot,"Affected fruit or leaves show discoloration, spots, and reduced quality.","The condition may be caused by a fungal, bacterial, or viral pathogen.",Separate infected material and use disease-specific management recommended for the crop.,Start with healthy planting material and maintain field hygiene.,Leaf,High,Excess moisture
786,Banana,Bunchy Top,"Affected fruit or leaves show discoloration, spots, and reduced quality.","The condition may be caused by a fungal, bacterial, or viral pathogen.",Separate infected material and use disease-specific management recommended for the crop.,Start with healthy planting material and maintain field hygiene.,Root,Severe,Warm and humid
787,Guava,Wilt,Brown or dark lesions appear on leaves and may spread to nearby tissue.,Infection can develop when moisture and temperature conditions favor the pathogen.,Prune infected parts where appropriate and apply a suitable registered treatment.,"Improve ventilation, avoid unnecessary leaf wetness, and remove fallen debris.",Leaf,Low,Cool and wet
788,Rice,Tungro,"Yellowing leaves, small spots, and gradual leaf decline are observed.",The disease is associated with a plant pathogen and favorable environmental conditions.,Remove affected material and follow locally recommended disease-control practices.,"Use sanitation, proper spacing, clean planting material, and regular monitoring.",Fruit,Low,Cool and wet
789,Chilli,Anthracnose,"Dark sunken spots develop on leaves, stems, or fruit and may enlarge over time.",Fungal infection commonly spreads in warm and wet conditions.,Remove infected material and use an appropriate fungicide.,Use clean planting material and reduce moisture on plant surfaces.,Leaf and Fruit,Moderate,Poor airflow
790,Apple,Black Rot,"Yellowing leaves, small spots, and gradual leaf decline are observed.",The disease is associated with a plant pathogen and favorable environmental conditions.,Remove affected material and follow locally recommended disease-control practices.,"Use sanitation, proper spacing, clean planting material, and regular monitoring.",Stem,Severe,Warm and humid
791,Apple,Apple Scab,"Yellowing leaves, small spots, and gradual leaf decline are observed.",The disease is associated with a plant pathogen and favorable environmental conditions.,Remove affected material and follow locally recommended disease-control practices.,"Use sanitation, proper spacing, clean planting material, and regular monitoring.",Stem,Moderate,Excess moisture
792,Apple,Fire Blight,"Yellowing leaves, small spots, and gradual leaf decline are observed.",The disease is associated with a plant pathogen and favorable environmental conditions.,Remove affected material and follow locally recommended disease-control practices.,"Use sanitation, proper spacing, clean planting material, and regular monitoring.",Root,High,Poor airflow
793,Bell Pepper,Anthracnose,"Dark sunken spots develop on leaves, stems, or fruit and may enlarge over time.",Fungal infection commonly spreads in warm and wet conditions.,Remove infected material and use an appropriate fungicide.,Use clean planting material and reduce moisture on plant surfaces.,Stem,Severe,Warm and humid
794,Pomegranate,Bacterial Blight,"Affected fruit or leaves show discoloration, spots, and reduced quality.","The condition may be caused by a fungal, bacterial, or viral pathogen.",Separate infected material and use disease-specific management recommended for the crop.,Start with healthy planting material and maintain field hygiene.,Leaf and Fruit,Low,Warm and humid
795,Wheat,Leaf Rust,"Affected fruit or leaves show discoloration, spots, and reduced quality.","The condition may be caused by a fungal, bacterial, or viral pathogen.",Separate infected material and use disease-specific management recommended for the crop.,Start with healthy planting material and maintain field hygiene.,Stem,Low,Excess moisture
796,Grape,Powdery Mildew,"White powdery growth develops on leaves, shoots, or fruit surfaces.",Fungal growth is favored by humid conditions and poor airflow.,Remove heavily affected tissue and apply a suitable fungicide.,"Provide good spacing, airflow, and balanced irrigation.",Leaf and Fruit,High,Warm and humid
797,Guava,Algal Leaf Spot,Brown or dark lesions appear on leaves and may spread to nearby tissue.,Infection can develop when moisture and temperature conditions favor the pathogen.,Prune infected parts where appropriate and apply a suitable registered treatment.,"Improve ventilation, avoid unnecessary leaf wetness, and remove fallen debris.",Leaf,Severe,Poor airflow
798,Peach,Crown Gall,"Yellowing leaves, small spots, and gradual leaf decline are observed.",The disease is associated with a plant pathogen and favorable environmental conditions.,Remove affected material and follow locally recommended disease-control practices.,"Use sanitation, proper spacing, clean planting material, and regular monitoring.",Root,Moderate,Excess moisture
799,Guava,Wilt,Brown or dark lesions appear on leaves and may spread to nearby tissue.,Infection can develop when moisture and temperature conditions favor the pathogen.,Prune infected parts where appropriate and apply a suitable registered treatment.,"Improve ventilation, avoid unnecessary leaf wetness, and remove fallen debris.",Leaf,High,Excess moisture
800,Rice,Bacterial Leaf Blight,"Yellowing leaves, small spots, and gradual leaf decline are observed.",The disease is associated with a plant pathogen and favorable environmental conditions.,Remove affected material and follow locally recommended disease-control practices.,"Use sanitation, proper spacing, clean planting material, and regular monitoring.",Leaf,Low,Excess moisture
801,Maize,Downy Mildew,"Affected fruit or leaves show discoloration, spots, and reduced quality.","The condition may be caused by a fungal, bacterial, or viral pathogen.",Separate infected material and use disease-specific management recommended for the crop.,Start with healthy planting material and maintain field hygiene.,Stem,Low,Cool and wet
802,Banana,Black Sigatoka,Brown or dark lesions appear on leaves and may spread to nearby tissue.,Infection can develop when moisture and temperature conditions favor the pathogen.,Prune infected parts where appropriate and apply a suitable registered treatment.,"Improve ventilation, avoid unnecessary leaf wetness, and remove fallen debris.",Fruit,Moderate,Cool and wet
803,Orange,Sooty Mold,Brown or dark lesions appear on leaves and may spread to nearby tissue.,Infection can develop when moisture and temperature conditions favor the pathogen.,Prune infected parts where appropriate and apply a suitable registered treatment.,"Improve ventilation, avoid unnecessary leaf wetness, and remove fallen debris.",Leaf,Moderate,Cool and wet
804,Wheat,Leaf Rust,"Affected fruit or leaves show discoloration, spots, and reduced quality.","The condition may be caused by a fungal, bacterial, or viral pathogen.",Separate infected material and use disease-specific management recommended for the crop.,Start with healthy planting material and maintain field hygiene.,Leaf and Fruit,Severe,Warm and humid
805,Guava,Anthracnose,"Dark sunken spots develop on leaves, stems, or fruit and may enlarge over time.",Fungal infection commonly spreads in warm and wet conditions.,Remove infected material and use an appropriate fungicide.,Use clean planting material and reduce moisture on plant surfaces.,Leaf,High,Cool and wet
806,Wheat,Powdery Mildew,"White powdery growth develops on leaves, shoots, or fruit surfaces.",Fungal growth is favored by humid conditions and poor airflow.,Remove heavily affected tissue and apply a suitable fungicide.,"Provide good spacing, airflow, and balanced irrigation.",Stem,High,Cool and wet
807,Orange,Citrus Canker,Brown or dark lesions appear on leaves and may spread to nearby tissue.,Infection can develop when moisture and temperature conditions favor the pathogen.,Prune infected parts where appropriate and apply a suitable registered treatment.,"Improve ventilation, avoid unnecessary leaf wetness, and remove fallen debris.",Fruit,Low,High humidity
808,Cucumber,Anthracnose,"Dark sunken spots develop on leaves, stems, or fruit and may enlarge over time.",Fungal infection commonly spreads in warm and wet conditions.,Remove infected material and use an appropriate fungicide.,Use clean planting material and reduce moisture on plant surfaces.,Leaf and Fruit,High,High humidity
809,Wheat,Stem Rust,"Affected fruit or leaves show discoloration, spots, and reduced quality.","The condition may be caused by a fungal, bacterial, or viral pathogen.",Separate infected material and use disease-specific management recommended for the crop.,Start with healthy planting material and maintain field hygiene.,Stem,High,Poor airflow
810,Peach,Leaf Curl,Brown or dark lesions appear on leaves and may spread to nearby tissue.,Infection can develop when moisture and temperature conditions favor the pathogen.,Prune infected parts where appropriate and apply a suitable registered treatment.,"Improve ventilation, avoid unnecessary leaf wetness, and remove fallen debris.",Fruit,Moderate,Poor airflow
811,Lemon,Sooty Mold,"Yellowing leaves, small spots, and gradual leaf decline are observed.",The disease is associated with a plant pathogen and favorable environmental conditions.,Remove affected material and follow locally recommended disease-control practices.,"Use sanitation, proper spacing, clean planting material, and regular monitoring.",Root,High,Poor airflow
812,Bell Pepper,Powdery Mildew,"White powdery growth develops on leaves, shoots, or fruit surfaces.",Fungal growth is favored by humid conditions and poor airflow.,Remove heavily affected tissue and apply a suitable fungicide.,"Provide good spacing, airflow, and balanced irrigation.",Root,High,Excess moisture
813,Grape,Downy Mildew,"Affected fruit or leaves show discoloration, spots, and reduced quality.","The condition may be caused by a fungal, bacterial, or viral pathogen.",Separate infected material and use disease-specific management recommended for the crop.,Start with healthy planting material and maintain field hygiene.,Stem,Low,Cool and wet
814,Rice,Bacterial Leaf Blight,Brown or dark lesions appear on leaves and may spread to nearby tissue.,Infection can develop when moisture and temperature conditions favor the pathogen.,Prune infected parts where appropriate and apply a suitable registered treatment.,"Improve ventilation, avoid unnecessary leaf wetness, and remove fallen debris.",Leaf,Low,Warm and humid
815,Watermelon,Anthracnose,"Dark sunken spots develop on leaves, stems, or fruit and may enlarge over time.",Fungal infection commonly spreads in warm and wet conditions.,Remove infected material and use an appropriate fungicide.,Use clean planting material and reduce moisture on plant surfaces.,Leaf and Fruit,Severe,Cool and wet
816,Potato,Viral Leaf Curl,Brown or dark lesions appear on leaves and may spread to nearby tissue.,Infection can develop when moisture and temperature conditions favor the pathogen.,Prune infected parts where appropriate and apply a suitable registered treatment.,"Improve ventilation, avoid unnecessary leaf wetness, and remove fallen debris.",Fruit,Severe,High humidity
817,Pomegranate,Fruit Rot,"Affected fruit or leaves show discoloration, spots, and reduced quality.","The condition may be caused by a fungal, bacterial, or viral pathogen.",Separate infected material and use disease-specific management recommended for the crop.,Start with healthy planting material and maintain field hygiene.,Fruit,High,Poor airflow
818,Watermelon,Powdery Mildew,"White powdery growth develops on leaves, shoots, or fruit surfaces.",Fungal growth is favored by humid conditions and poor airflow.,Remove heavily affected tissue and apply a suitable fungicide.,"Provide good spacing, airflow, and balanced irrigation.",Root,Low,High humidity
819,Watermelon,Anthracnose,"Dark sunken spots develop on leaves, stems, or fruit and may enlarge over time.",Fungal infection commonly spreads in warm and wet conditions.,Remove infected material and use an appropriate fungicide.,Use clean planting material and reduce moisture on plant surfaces.,Leaf and Fruit,Moderate,Cool and wet
820,Watermelon,Downy Mildew,Brown or dark lesions appear on leaves and may spread to nearby tissue.,Infection can develop when moisture and temperature conditions favor the pathogen.,Prune infected parts where appropriate and apply a suitable registered treatment.,"Improve ventilation, avoid unnecessary leaf wetness, and remove fallen debris.",Fruit,Moderate,Excess moisture
821,Wheat,Stem Rust,"Affected fruit or leaves show discoloration, spots, and reduced quality.","The condition may be caused by a fungal, bacterial, or viral pathogen.",Separate infected material and use disease-specific management recommended for the crop.,Start with healthy planting material and maintain field hygiene.,Stem,Severe,Warm and humid
822,Orange,Tristeza,"Yellowing leaves, small spots, and gradual leaf decline are observed.",The disease is associated with a plant pathogen and favorable environmental conditions.,Remove affected material and follow locally recommended disease-control practices.,"Use sanitation, proper spacing, clean planting material, and regular monitoring.",Stem,Low,High humidity
823,Orange,Citrus Canker,"Affected fruit or leaves show discoloration, spots, and reduced quality.","The condition may be caused by a fungal, bacterial, or viral pathogen.",Separate infected material and use disease-specific management recommended for the crop.,Start with healthy planting material and maintain field hygiene.,Leaf and Fruit,Moderate,High humidity
824,Pomegranate,Anthracnose,"Dark sunken spots develop on leaves, stems, or fruit and may enlarge over time.",Fungal infection commonly spreads in warm and wet conditions.,Remove infected material and use an appropriate fungicide.,Use clean planting material and reduce moisture on plant surfaces.,Leaf,Severe,Warm and humid
825,Papaya,Papaya Ringspot,"Affected fruit or leaves show discoloration, spots, and reduced quality.","The condition may be caused by a fungal, bacterial, or viral pathogen.",Separate infected material and use disease-specific management recommended for the crop.,Start with healthy planting material and maintain field hygiene.,Stem,High,Excess moisture
826,Rice,Tungro,"Yellowing leaves, small spots, and gradual leaf decline are observed.",The disease is associated with a plant pathogen and favorable environmental conditions.,Remove affected material and follow locally recommended disease-control practices.,"Use sanitation, proper spacing, clean planting material, and regular monitoring.",Root,Severe,High humidity
827,Wheat,Leaf Rust,"Affected fruit or leaves show discoloration, spots, and reduced quality.","The condition may be caused by a fungal, bacterial, or viral pathogen.",Separate infected material and use disease-specific management recommended for the crop.,Start with healthy planting material and maintain field hygiene.,Root,High,Cool and wet
828,Watermelon,Fusarium Wilt,Brown or dark lesions appear on leaves and may spread to nearby tissue.,Infection can develop when moisture and temperature conditions favor the pathogen.,Prune infected parts where appropriate and apply a suitable registered treatment.,"Improve ventilation, avoid unnecessary leaf wetness, and remove fallen debris.",Root,High,Poor airflow
829,Maize,Northern Leaf Blight,"Affected fruit or leaves show discoloration, spots, and reduced quality.","The condition may be caused by a fungal, bacterial, or viral pathogen.",Separate infected material and use disease-specific management recommended for the crop.,Start with healthy planting material and maintain field hygiene.,Root,Moderate,Cool and wet
830,Orange,Citrus Canker,"Affected fruit or leaves show discoloration, spots, and reduced quality.","The condition may be caused by a fungal, bacterial, or viral pathogen.",Separate infected material and use disease-specific management recommended for the crop.,Start with healthy planting material and maintain field hygiene.,Fruit,High,Cool and wet
831,Peach,Brown Rot,Brown or dark lesions appear on leaves and may spread to nearby tissue.,Infection can develop when moisture and temperature conditions favor the pathogen.,Prune infected parts where appropriate and apply a suitable registered treatment.,"Improve ventilation, avoid unnecessary leaf wetness, and remove fallen debris.",Fruit,Low,Poor airflow
832,Papaya,Papaya Ringspot,Brown or dark lesions appear on leaves and may spread to nearby tissue.,Infection can develop when moisture and temperature conditions favor the pathogen.,Prune infected parts where appropriate and apply a suitable registered treatment.,"Improve ventilation, avoid unnecessary leaf wetness, and remove fallen debris.",Root,Severe,Cool and wet
833,Wheat,Stem Rust,"Affected fruit or leaves show discoloration, spots, and reduced quality.","The condition may be caused by a fungal, bacterial, or viral pathogen.",Separate infected material and use disease-specific management recommended for the crop.,Start with healthy planting material and maintain field hygiene.,Leaf,Severe,Cool and wet
834,Potato,Late Blight,Water-soaked dark lesions spread quickly across leaves and stems.,A fungal-like pathogen spreads rapidly under cool and wet conditions.,Remove severely infected tissue and use a recommended fungicide.,Improve airflow and avoid prolonged leaf wetness.,Fruit,Moderate,Excess moisture
835,Potato,Viral Leaf Curl,"Yellowing leaves, small spots, and gradual leaf decline are observed.",The disease is associated with a plant pathogen and favorable environmental conditions.,Remove affected material and follow locally recommended disease-control practices.,"Use sanitation, proper spacing, clean planting material, and regular monitoring.",Fruit,Low,High humidity
836,Peach,Crown Gall,Brown or dark lesions appear on leaves and may spread to nearby tissue.,Infection can develop when moisture and temperature conditions favor the pathogen.,Prune infected parts where appropriate and apply a suitable registered treatment.,"Improve ventilation, avoid unnecessary leaf wetness, and remove fallen debris.",Stem,Low,Warm and humid
837,Strawberry,Angular Leaf Spot,"Affected fruit or leaves show discoloration, spots, and reduced quality.","The condition may be caused by a fungal, bacterial, or viral pathogen.",Separate infected material and use disease-specific management recommended for the crop.,Start with healthy planting material and maintain field hygiene.,Root,Severe,Cool and wet
838,Orange,Tristeza,"Affected fruit or leaves show discoloration, spots, and reduced quality.","The condition may be caused by a fungal, bacterial, or viral pathogen.",Separate infected material and use disease-specific management recommended for the crop.,Start with healthy planting material and maintain field hygiene.,Leaf and Fruit,Moderate,Cool and wet
839,Maize,Ear Rot,Brown or dark lesions appear on leaves and may spread to nearby tissue.,Infection can develop when moisture and temperature conditions favor the pathogen.,Prune infected parts where appropriate and apply a suitable registered treatment.,"Improve ventilation, avoid unnecessary leaf wetness, and remove fallen debris.",Stem,Moderate,Poor airflow
840,Maize,Ear Rot,"Yellowing leaves, small spots, and gradual leaf decline are observed.",The disease is associated with a plant pathogen and favorable environmental conditions.,Remove affected material and follow locally recommended disease-control practices.,"Use sanitation, proper spacing, clean planting material, and regular monitoring.",Root,Moderate,Poor airflow
841,Mango,Anthracnose,"Dark sunken spots develop on leaves, stems, or fruit and may enlarge over time.",Fungal infection commonly spreads in warm and wet conditions.,Remove infected material and use an appropriate fungicide.,Use clean planting material and reduce moisture on plant surfaces.,Fruit,Low,Excess moisture
842,Watermelon,Fusarium Wilt,"Yellowing leaves, small spots, and gradual leaf decline are observed.",The disease is associated with a plant pathogen and favorable environmental conditions.,Remove affected material and follow locally recommended disease-control practices.,"Use sanitation, proper spacing, clean planting material, and regular monitoring.",Fruit,Low,Poor airflow
843,Maize,Ear Rot,"Yellowing leaves, small spots, and gradual leaf decline are observed.",The disease is associated with a plant pathogen and favorable environmental conditions.,Remove affected material and follow locally recommended disease-control practices.,"Use sanitation, proper spacing, clean planting material, and regular monitoring.",Leaf,Low,Poor airflow
844,Mango,Sooty Mold,"Affected fruit or leaves show discoloration, spots, and reduced quality.","The condition may be caused by a fungal, bacterial, or viral pathogen.",Separate infected material and use disease-specific management recommended for the crop.,Start with healthy planting material and maintain field hygiene.,Root,Low,Excess moisture
845,Chilli,Powdery Mildew,"White powdery growth develops on leaves, shoots, or fruit surfaces.",Fungal growth is favored by humid conditions and poor airflow.,Remove heavily affected tissue and apply a suitable fungicide.,"Provide good spacing, airflow, and balanced irrigation.",Leaf and Fruit,Low,Poor airflow
846,Orange,Tristeza,Brown or dark lesions appear on leaves and may spread to nearby tissue.,Infection can develop when moisture and temperature conditions favor the pathogen.,Prune infected parts where appropriate and apply a suitable registered treatment.,"Improve ventilation, avoid unnecessary leaf wetness, and remove fallen debris.",Leaf and Fruit,High,Excess moisture
847,Grape,Anthracnose,"Dark sunken spots develop on leaves, stems, or fruit and may enlarge over time.",Fungal infection commonly spreads in warm and wet conditions.,Remove infected material and use an appropriate fungicide.,Use clean planting material and reduce moisture on plant surfaces.,Stem,Moderate,Poor airflow
848,Orange,Citrus Canker,Brown or dark lesions appear on leaves and may spread to nearby tissue.,Infection can develop when moisture and temperature conditions favor the pathogen.,Prune infected parts where appropriate and apply a suitable registered treatment.,"Improve ventilation, avoid unnecessary leaf wetness, and remove fallen debris.",Stem,Severe,Cool and wet
849,Tomato,Early Blight,Dark brown circular lesions with concentric rings appear on older leaves.,"Fungal infection favored by warm, humid conditions.",Remove affected leaves and apply an appropriate fungicide.,"Maintain plant spacing, avoid overhead irrigation, and remove crop debris.",Leaf and Fruit,Low,Warm and humid
850,Pomegranate,Fruit Rot,"Affected fruit or leaves show discoloration, spots, and reduced quality.","The condition may be caused by a fungal, bacterial, or viral pathogen.",Separate infected material and use disease-specific management recommended for the crop.,Start with healthy planting material and maintain field hygiene.,Root,High,High humidity
851,Grape,Downy Mildew,Brown or dark lesions appear on leaves and may spread to nearby tissue.,Infection can develop when moisture and temperature conditions favor the pathogen.,Prune infected parts where appropriate and apply a suitable registered treatment.,"Improve ventilation, avoid unnecessary leaf wetness, and remove fallen debris.",Stem,High,Excess moisture
852,Chilli,Damping Off,Brown or dark lesions appear on leaves and may spread to nearby tissue.,Infection can develop when moisture and temperature conditions favor the pathogen.,Prune infected parts where appropriate and apply a suitable registered treatment.,"Improve ventilation, avoid unnecessary leaf wetness, and remove fallen debris.",Root,High,Cool and wet
853,Chilli,Damping Off,"Affected fruit or leaves show discoloration, spots, and reduced quality.","The condition may be caused by a fungal, bacterial, or viral pathogen.",Separate infected material and use disease-specific management recommended for the crop.,Start with healthy planting material and maintain field hygiene.,Fruit,Severe,High humidity
854,Rice,Tungro,Brown or dark lesions appear on leaves and may spread to nearby tissue.,Infection can develop when moisture and temperature conditions favor the pathogen.,Prune infected parts where appropriate and apply a suitable registered treatment.,"Improve ventilation, avoid unnecessary leaf wetness, and remove fallen debris.",Stem,High,Excess moisture
855,Banana,Anthracnose,"Dark sunken spots develop on leaves, stems, or fruit and may enlarge over time.",Fungal infection commonly spreads in warm and wet conditions.,Remove infected material and use an appropriate fungicide.,Use clean planting material and reduce moisture on plant surfaces.,Leaf,Moderate,Cool and wet
856,Bell Pepper,Phytophthora Blight,"Yellowing leaves, small spots, and gradual leaf decline are observed.",The disease is associated with a plant pathogen and favorable environmental conditions.,Remove affected material and follow locally recommended disease-control practices.,"Use sanitation, proper spacing, clean planting material, and regular monitoring.",Leaf and Fruit,Moderate,Poor airflow
857,Papaya,Root Rot,"Affected fruit or leaves show discoloration, spots, and reduced quality.","The condition may be caused by a fungal, bacterial, or viral pathogen.",Separate infected material and use disease-specific management recommended for the crop.,Start with healthy planting material and maintain field hygiene.,Fruit,Low,Poor airflow
858,Tomato,Early Blight,Dark brown circular lesions with concentric rings appear on older leaves.,"Fungal infection favored by warm, humid conditions.",Remove affected leaves and apply an appropriate fungicide.,"Maintain plant spacing, avoid overhead irrigation, and remove crop debris.",Root,Moderate,Excess moisture
859,Chilli,Anthracnose,"Dark sunken spots develop on leaves, stems, or fruit and may enlarge over time.",Fungal infection commonly spreads in warm and wet conditions.,Remove infected material and use an appropriate fungicide.,Use clean planting material and reduce moisture on plant surfaces.,Stem,Low,Cool and wet
860,Banana,Panama Disease,"Affected fruit or leaves show discoloration, spots, and reduced quality.","The condition may be caused by a fungal, bacterial, or viral pathogen.",Separate infected material and use disease-specific management recommended for the crop.,Start with healthy planting material and maintain field hygiene.,Root,Low,Poor airflow
861,Maize,Ear Rot,Brown or dark lesions appear on leaves and may spread to nearby tissue.,Infection can develop when moisture and temperature conditions favor the pathogen.,Prune infected parts where appropriate and apply a suitable registered treatment.,"Improve ventilation, avoid unnecessary leaf wetness, and remove fallen debris.",Fruit,Low,Poor airflow
862,Bell Pepper,Bacterial Spot,"Yellowing leaves, small spots, and gradual leaf decline are observed.",The disease is associated with a plant pathogen and favorable environmental conditions.,Remove affected material and follow locally recommended disease-control practices.,"Use sanitation, proper spacing, clean planting material, and regular monitoring.",Fruit,High,Warm and humid
863,Maize,Ear Rot,"Affected fruit or leaves show discoloration, spots, and reduced quality.","The condition may be caused by a fungal, bacterial, or viral pathogen.",Separate infected material and use disease-specific management recommended for the crop.,Start with healthy planting material and maintain field hygiene.,Leaf and Fruit,Moderate,Cool and wet
864,Potato,Bacterial Wilt,"Yellowing leaves, small spots, and gradual leaf decline are observed.",The disease is associated with a plant pathogen and favorable environmental conditions.,Remove affected material and follow locally recommended disease-control practices.,"Use sanitation, proper spacing, clean planting material, and regular monitoring.",Fruit,Low,Warm and humid
865,Lemon,Anthracnose,"Dark sunken spots develop on leaves, stems, or fruit and may enlarge over time.",Fungal infection commonly spreads in warm and wet conditions.,Remove infected material and use an appropriate fungicide.,Use clean planting material and reduce moisture on plant surfaces.,Root,High,Poor airflow
866,Wheat,Stem Rust,"Affected fruit or leaves show discoloration, spots, and reduced quality.","The condition may be caused by a fungal, bacterial, or viral pathogen.",Separate infected material and use disease-specific management recommended for the crop.,Start with healthy planting material and maintain field hygiene.,Leaf,Low,Warm and humid
867,Rice,Sheath Blight,"Affected fruit or leaves show discoloration, spots, and reduced quality.","The condition may be caused by a fungal, bacterial, or viral pathogen.",Separate infected material and use disease-specific management recommended for the crop.,Start with healthy planting material and maintain field hygiene.,Stem,High,High humidity
868,Orange,Sooty Mold,"Yellowing leaves, small spots, and gradual leaf decline are observed.",The disease is associated with a plant pathogen and favorable environmental conditions.,Remove affected material and follow locally recommended disease-control practices.,"Use sanitation, proper spacing, clean planting material, and regular monitoring.",Root,Severe,Excess moisture
869,Tomato,Bacterial Spot,"Yellowing leaves, small spots, and gradual leaf decline are observed.",The disease is associated with a plant pathogen and favorable environmental conditions.,Remove affected material and follow locally recommended disease-control practices.,"Use sanitation, proper spacing, clean planting material, and regular monitoring.",Leaf and Fruit,Severe,Warm and humid
870,Rice,Blast,"Affected fruit or leaves show discoloration, spots, and reduced quality.","The condition may be caused by a fungal, bacterial, or viral pathogen.",Separate infected material and use disease-specific management recommended for the crop.,Start with healthy planting material and maintain field hygiene.,Stem,High,Warm and humid
871,Watermelon,Gummy Stem Blight,"Affected fruit or leaves show discoloration, spots, and reduced quality.","The condition may be caused by a fungal, bacterial, or viral pathogen.",Separate infected material and use disease-specific management recommended for the crop.,Start with healthy planting material and maintain field hygiene.,Root,High,Poor airflow
872,Wheat,Powdery Mildew,"White powdery growth develops on leaves, shoots, or fruit surfaces.",Fungal growth is favored by humid conditions and poor airflow.,Remove heavily affected tissue and apply a suitable fungicide.,"Provide good spacing, airflow, and balanced irrigation.",Stem,Moderate,Poor airflow
873,Bell Pepper,Mosaic Virus,"Yellowing leaves, small spots, and gradual leaf decline are observed.",The disease is associated with a plant pathogen and favorable environmental conditions.,Remove affected material and follow locally recommended disease-control practices.,"Use sanitation, proper spacing, clean planting material, and regular monitoring.",Leaf,Severe,High humidity
874,Apple,Powdery Mildew,"White powdery growth develops on leaves, shoots, or fruit surfaces.",Fungal growth is favored by humid conditions and poor airflow.,Remove heavily affected tissue and apply a suitable fungicide.,"Provide good spacing, airflow, and balanced irrigation.",Fruit,Moderate,High humidity
875,Chilli,Powdery Mildew,"White powdery growth develops on leaves, shoots, or fruit surfaces.",Fungal growth is favored by humid conditions and poor airflow.,Remove heavily affected tissue and apply a suitable fungicide.,"Provide good spacing, airflow, and balanced irrigation.",Stem,Low,Cool and wet
876,Guava,Anthracnose,"Dark sunken spots develop on leaves, stems, or fruit and may enlarge over time.",Fungal infection commonly spreads in warm and wet conditions.,Remove infected material and use an appropriate fungicide.,Use clean planting material and reduce moisture on plant surfaces.,Stem,Severe,Warm and humid
877,Rice,Bacterial Leaf Blight,Brown or dark lesions appear on leaves and may spread to nearby tissue.,Infection can develop when moisture and temperature conditions favor the pathogen.,Prune infected parts where appropriate and apply a suitable registered treatment.,"Improve ventilation, avoid unnecessary leaf wetness, and remove fallen debris.",Stem,High,Cool and wet
878,Wheat,Stripe Rust,"Yellowing leaves, small spots, and gradual leaf decline are observed.",The disease is associated with a plant pathogen and favorable environmental conditions.,Remove affected material and follow locally recommended disease-control practices.,"Use sanitation, proper spacing, clean planting material, and regular monitoring.",Root,Moderate,Cool and wet
879,Orange,Greasy Spot,Brown or dark lesions appear on leaves and may spread to nearby tissue.,Infection can develop when moisture and temperature conditions favor the pathogen.,Prune infected parts where appropriate and apply a suitable registered treatment.,"Improve ventilation, avoid unnecessary leaf wetness, and remove fallen debris.",Fruit,Moderate,Cool and wet
880,Orange,Sooty Mold,Brown or dark lesions appear on leaves and may spread to nearby tissue.,Infection can develop when moisture and temperature conditions favor the pathogen.,Prune infected parts where appropriate and apply a suitable registered treatment.,"Improve ventilation, avoid unnecessary leaf wetness, and remove fallen debris.",Leaf,Moderate,Warm and humid
881,Apple,Powdery Mildew,"White powdery growth develops on leaves, shoots, or fruit surfaces.",Fungal growth is favored by humid conditions and poor airflow.,Remove heavily affected tissue and apply a suitable fungicide.,"Provide good spacing, airflow, and balanced irrigation.",Leaf and Fruit,Low,Warm and humid
882,Cucumber,Angular Leaf Spot,"Affected fruit or leaves show discoloration, spots, and reduced quality.","The condition may be caused by a fungal, bacterial, or viral pathogen.",Separate infected material and use disease-specific management recommended for the crop.,Start with healthy planting material and maintain field hygiene.,Root,High,Excess moisture
883,Lemon,Anthracnose,"Dark sunken spots develop on leaves, stems, or fruit and may enlarge over time.",Fungal infection commonly spreads in warm and wet conditions.,Remove infected material and use an appropriate fungicide.,Use clean planting material and reduce moisture on plant surfaces.,Leaf and Fruit,Moderate,High humidity
884,Pomegranate,Fruit Rot,"Affected fruit or leaves show discoloration, spots, and reduced quality.","The condition may be caused by a fungal, bacterial, or viral pathogen.",Separate infected material and use disease-specific management recommended for the crop.,Start with healthy planting material and maintain field hygiene.,Leaf,Moderate,Excess moisture
885,Chilli,Leaf Curl,"Affected fruit or leaves show discoloration, spots, and reduced quality.","The condition may be caused by a fungal, bacterial, or viral pathogen.",Separate infected material and use disease-specific management recommended for the crop.,Start with healthy planting material and maintain field hygiene.,Leaf and Fruit,Low,High humidity
886,Pomegranate,Fruit Rot,Brown or dark lesions appear on leaves and may spread to nearby tissue.,Infection can develop when moisture and temperature conditions favor the pathogen.,Prune infected parts where appropriate and apply a suitable registered treatment.,"Improve ventilation, avoid unnecessary leaf wetness, and remove fallen debris.",Leaf and Fruit,Low,Poor airflow
887,Papaya,Papaya Ringspot,"Yellowing leaves, small spots, and gradual leaf decline are observed.",The disease is associated with a plant pathogen and favorable environmental conditions.,Remove affected material and follow locally recommended disease-control practices.,"Use sanitation, proper spacing, clean planting material, and regular monitoring.",Root,Moderate,Excess moisture
888,Grape,Powdery Mildew,"White powdery growth develops on leaves, shoots, or fruit surfaces.",Fungal growth is favored by humid conditions and poor airflow.,Remove heavily affected tissue and apply a suitable fungicide.,"Provide good spacing, airflow, and balanced irrigation.",Leaf and Fruit,High,High humidity
889,Peach,Crown Gall,Brown or dark lesions appear on leaves and may spread to nearby tissue.,Infection can develop when moisture and temperature conditions favor the pathogen.,Prune infected parts where appropriate and apply a suitable registered treatment.,"Improve ventilation, avoid unnecessary leaf wetness, and remove fallen debris.",Stem,Moderate,Poor airflow
890,Maize,Gray Leaf Spot,Brown or dark lesions appear on leaves and may spread to nearby tissue.,Infection can develop when moisture and temperature conditions favor the pathogen.,Prune infected parts where appropriate and apply a suitable registered treatment.,"Improve ventilation, avoid unnecessary leaf wetness, and remove fallen debris.",Root,Moderate,Poor airflow
891,Strawberry,Angular Leaf Spot,"Affected fruit or leaves show discoloration, spots, and reduced quality.","The condition may be caused by a fungal, bacterial, or viral pathogen.",Separate infected material and use disease-specific management recommended for the crop.,Start with healthy planting material and maintain field hygiene.,Stem,High,Poor airflow
892,Lemon,Anthracnose,"Dark sunken spots develop on leaves, stems, or fruit and may enlarge over time.",Fungal infection commonly spreads in warm and wet conditions.,Remove infected material and use an appropriate fungicide.,Use clean planting material and reduce moisture on plant surfaces.,Leaf and Fruit,Moderate,Cool and wet
893,Wheat,Stem Rust,"Yellowing leaves, small spots, and gradual leaf decline are observed.",The disease is associated with a plant pathogen and favorable environmental conditions.,Remove affected material and follow locally recommended disease-control practices.,"Use sanitation, proper spacing, clean planting material, and regular monitoring.",Fruit,High,Excess moisture
894,Chilli,Leaf Curl,"Yellowing leaves, small spots, and gradual leaf decline are observed.",The disease is associated with a plant pathogen and favorable environmental conditions.,Remove affected material and follow locally recommended disease-control practices.,"Use sanitation, proper spacing, clean planting material, and regular monitoring.",Fruit,Moderate,Poor airflow
895,Tomato,Late Blight,Water-soaked dark lesions spread quickly across leaves and stems.,A fungal-like pathogen spreads rapidly under cool and wet conditions.,Remove severely infected tissue and use a recommended fungicide.,Improve airflow and avoid prolonged leaf wetness.,Root,Severe,Cool and wet
896,Watermelon,Powdery Mildew,"White powdery growth develops on leaves, shoots, or fruit surfaces.",Fungal growth is favored by humid conditions and poor airflow.,Remove heavily affected tissue and apply a suitable fungicide.,"Provide good spacing, airflow, and balanced irrigation.",Root,High,High humidity
897,Lemon,Root Rot,"Affected fruit or leaves show discoloration, spots, and reduced quality.","The condition may be caused by a fungal, bacterial, or viral pathogen.",Separate infected material and use disease-specific management recommended for the crop.,Start with healthy planting material and maintain field hygiene.,Root,Low,Warm and humid
898,Peach,Leaf Curl,"Yellowing leaves, small spots, and gradual leaf decline are observed.",The disease is associated with a plant pathogen and favorable environmental conditions.,Remove affected material and follow locally recommended disease-control practices.,"Use sanitation, proper spacing, clean planting material, and regular monitoring.",Root,High,Warm and humid
899,Bell Pepper,Powdery Mildew,"White powdery growth develops on leaves, shoots, or fruit surfaces.",Fungal growth is favored by humid conditions and poor airflow.,Remove heavily affected tissue and apply a suitable fungicide.,"Provide good spacing, airflow, and balanced irrigation.",Stem,High,High humidity
900,Rice,Tungro,Brown or dark lesions appear on leaves and may spread to nearby tissue.,Infection can develop when moisture and temperature conditions favor the pathogen.,Prune infected parts where appropriate and apply a suitable registered treatment.,"Improve ventilation, avoid unnecessary leaf wetness, and remove fallen debris.",Leaf,High,Poor airflow
901,Grape,Powdery Mildew,"White powdery growth develops on leaves, shoots, or fruit surfaces.",Fungal growth is favored by humid conditions and poor airflow.,Remove heavily affected tissue and apply a suitable fungicide.,"Provide good spacing, airflow, and balanced irrigation.",Leaf and Fruit,Moderate,Excess moisture
902,Rice,Bacterial Leaf Blight,Brown or dark lesions appear on leaves and may spread to nearby tissue.,Infection can develop when moisture and temperature conditions favor the pathogen.,Prune infected parts where appropriate and apply a suitable registered treatment.,"Improve ventilation, avoid unnecessary leaf wetness, and remove fallen debris.",Stem,High,Excess moisture
903,Cucumber,Anthracnose,"Dark sunken spots develop on leaves, stems, or fruit and may enlarge over time.",Fungal infection commonly spreads in warm and wet conditions.,Remove infected material and use an appropriate fungicide.,Use clean planting material and reduce moisture on plant surfaces.,Root,Low,Excess moisture
904,Guava,Algal Leaf Spot,"Affected fruit or leaves show discoloration, spots, and reduced quality.","The condition may be caused by a fungal, bacterial, or viral pathogen.",Separate infected material and use disease-specific management recommended for the crop.,Start with healthy planting material and maintain field hygiene.,Fruit,Moderate,High humidity
905,Chilli,Damping Off,"Affected fruit or leaves show discoloration, spots, and reduced quality.","The condition may be caused by a fungal, bacterial, or viral pathogen.",Separate infected material and use disease-specific management recommended for the crop.,Start with healthy planting material and maintain field hygiene.,Leaf,Severe,Warm and humid
906,Peach,Bacterial Spot,"Yellowing leaves, small spots, and gradual leaf decline are observed.",The disease is associated with a plant pathogen and favorable environmental conditions.,Remove affected material and follow locally recommended disease-control practices.,"Use sanitation, proper spacing, clean planting material, and regular monitoring.",Stem,High,High humidity
907,Lemon,Root Rot,"Affected fruit or leaves show discoloration, spots, and reduced quality.","The condition may be caused by a fungal, bacterial, or viral pathogen.",Separate infected material and use disease-specific management recommended for the crop.,Start with healthy planting material and maintain field hygiene.,Stem,Severe,Poor airflow
908,Banana,Bunchy Top,"Affected fruit or leaves show discoloration, spots, and reduced quality.","The condition may be caused by a fungal, bacterial, or viral pathogen.",Separate infected material and use disease-specific management recommended for the crop.,Start with healthy planting material and maintain field hygiene.,Root,Severe,Cool and wet
909,Peach,Leaf Curl,"Yellowing leaves, small spots, and gradual leaf decline are observed.",The disease is associated with a plant pathogen and favorable environmental conditions.,Remove affected material and follow locally recommended disease-control practices.,"Use sanitation, proper spacing, clean planting material, and regular monitoring.",Stem,Moderate,Warm and humid
910,Strawberry,Powdery Mildew,"White powdery growth develops on leaves, shoots, or fruit surfaces.",Fungal growth is favored by humid conditions and poor airflow.,Remove heavily affected tissue and apply a suitable fungicide.,"Provide good spacing, airflow, and balanced irrigation.",Leaf,Severe,Warm and humid
911,Apple,Powdery Mildew,"White powdery growth develops on leaves, shoots, or fruit surfaces.",Fungal growth is favored by humid conditions and poor airflow.,Remove heavily affected tissue and apply a suitable fungicide.,"Provide good spacing, airflow, and balanced irrigation.",Leaf,Low,Poor airflow
912,Watermelon,Anthracnose,"Dark sunken spots develop on leaves, stems, or fruit and may enlarge over time.",Fungal infection commonly spreads in warm and wet conditions.,Remove infected material and use an appropriate fungicide.,Use clean planting material and reduce moisture on plant surfaces.,Stem,Low,Excess moisture
913,Mango,Anthracnose,"Dark sunken spots develop on leaves, stems, or fruit and may enlarge over time.",Fungal infection commonly spreads in warm and wet conditions.,Remove infected material and use an appropriate fungicide.,Use clean planting material and reduce moisture on plant surfaces.,Stem,Severe,Cool and wet
914,Orange,Citrus Black Spot,Brown or dark lesions appear on leaves and may spread to nearby tissue.,Infection can develop when moisture and temperature conditions favor the pathogen.,Prune infected parts where appropriate and apply a suitable registered treatment.,"Improve ventilation, avoid unnecessary leaf wetness, and remove fallen debris.",Fruit,Moderate,Excess moisture
915,Peach,Leaf Curl,"Yellowing leaves, small spots, and gradual leaf decline are observed.",The disease is associated with a plant pathogen and favorable environmental conditions.,Remove affected material and follow locally recommended disease-control practices.,"Use sanitation, proper spacing, clean planting material, and regular monitoring.",Stem,High,Poor airflow
916,Bell Pepper,Mosaic Virus,Brown or dark lesions appear on leaves and may spread to nearby tissue.,Infection can develop when moisture and temperature conditions favor the pathogen.,Prune infected parts where appropriate and apply a suitable registered treatment.,"Improve ventilation, avoid unnecessary leaf wetness, and remove fallen debris.",Fruit,Severe,Excess moisture
917,Peach,Crown Gall,"Affected fruit or leaves show discoloration, spots, and reduced quality.","The condition may be caused by a fungal, bacterial, or viral pathogen.",Separate infected material and use disease-specific management recommended for the crop.,Start with healthy planting material and maintain field hygiene.,Leaf and Fruit,Severe,Poor airflow
918,Watermelon,Powdery Mildew,"White powdery growth develops on leaves, shoots, or fruit surfaces.",Fungal growth is favored by humid conditions and poor airflow.,Remove heavily affected tissue and apply a suitable fungicide.,"Provide good spacing, airflow, and balanced irrigation.",Stem,High,Poor airflow
919,Rice,Bacterial Leaf Blight,"Yellowing leaves, small spots, and gradual leaf decline are observed.",The disease is associated with a plant pathogen and favorable environmental conditions.,Remove affected material and follow locally recommended disease-control practices.,"Use sanitation, proper spacing, clean planting material, and regular monitoring.",Stem,Severe,High humidity
920,Chilli,Powdery Mildew,"White powdery growth develops on leaves, shoots, or fruit surfaces.",Fungal growth is favored by humid conditions and poor airflow.,Remove heavily affected tissue and apply a suitable fungicide.,"Provide good spacing, airflow, and balanced irrigation.",Stem,Moderate,Warm and humid
921,Tomato,Septoria Leaf Spot,"Yellowing leaves, small spots, and gradual leaf decline are observed.",The disease is associated with a plant pathogen and favorable environmental conditions.,Remove affected material and follow locally recommended disease-control practices.,"Use sanitation, proper spacing, clean planting material, and regular monitoring.",Stem,High,Poor airflow
922,Rice,Blast,"Affected fruit or leaves show discoloration, spots, and reduced quality.","The condition may be caused by a fungal, bacterial, or viral pathogen.",Separate infected material and use disease-specific management recommended for the crop.,Start with healthy planting material and maintain field hygiene.,Root,Severe,High humidity
923,Tomato,Leaf Mold,Brown or dark lesions appear on leaves and may spread to nearby tissue.,Infection can develop when moisture and temperature conditions favor the pathogen.,Prune infected parts where appropriate and apply a suitable registered treatment.,"Improve ventilation, avoid unnecessary leaf wetness, and remove fallen debris.",Leaf,Moderate,Excess moisture
924,Banana,Black Sigatoka,Brown or dark lesions appear on leaves and may spread to nearby tissue.,Infection can develop when moisture and temperature conditions favor the pathogen.,Prune infected parts where appropriate and apply a suitable registered treatment.,"Improve ventilation, avoid unnecessary leaf wetness, and remove fallen debris.",Root,Severe,Cool and wet
925,Peach,Powdery Mildew,"White powdery growth develops on leaves, shoots, or fruit surfaces.",Fungal growth is favored by humid conditions and poor airflow.,Remove heavily affected tissue and apply a suitable fungicide.,"Provide good spacing, airflow, and balanced irrigation.",Fruit,Severe,High humidity
926,Apple,Powdery Mildew,"White powdery growth develops on leaves, shoots, or fruit surfaces.",Fungal growth is favored by humid conditions and poor airflow.,Remove heavily affected tissue and apply a suitable fungicide.,"Provide good spacing, airflow, and balanced irrigation.",Leaf and Fruit,Moderate,Excess moisture
927,Lemon,Sooty Mold,"Affected fruit or leaves show discoloration, spots, and reduced quality.","The condition may be caused by a fungal, bacterial, or viral pathogen.",Separate infected material and use disease-specific management recommended for the crop.,Start with healthy planting material and maintain field hygiene.,Root,High,Cool and wet
928,Apple,Black Rot,"Yellowing leaves, small spots, and gradual leaf decline are observed.",The disease is associated with a plant pathogen and favorable environmental conditions.,Remove affected material and follow locally recommended disease-control practices.,"Use sanitation, proper spacing, clean planting material, and regular monitoring.",Leaf,High,Poor airflow
929,Maize,Downy Mildew,Brown or dark lesions appear on leaves and may spread to nearby tissue.,Infection can develop when moisture and temperature conditions favor the pathogen.,Prune infected parts where appropriate and apply a suitable registered treatment.,"Improve ventilation, avoid unnecessary leaf wetness, and remove fallen debris.",Fruit,Severe,High humidity
930,Tomato,Late Blight,Water-soaked dark lesions spread quickly across leaves and stems.,A fungal-like pathogen spreads rapidly under cool and wet conditions.,Remove severely infected tissue and use a recommended fungicide.,Improve airflow and avoid prolonged leaf wetness.,Leaf and Fruit,Low,Warm and humid
931,Peach,Leaf Curl,Brown or dark lesions appear on leaves and may spread to nearby tissue.,Infection can develop when moisture and temperature conditions favor the pathogen.,Prune infected parts where appropriate and apply a suitable registered treatment.,"Improve ventilation, avoid unnecessary leaf wetness, and remove fallen debris.",Fruit,High,Poor airflow
932,Tomato,Late Blight,Water-soaked dark lesions spread quickly across leaves and stems.,A fungal-like pathogen spreads rapidly under cool and wet conditions.,Remove severely infected tissue and use a recommended fungicide.,Improve airflow and avoid prolonged leaf wetness.,Fruit,Low,Warm and humid
933,Cucumber,Powdery Mildew,"White powdery growth develops on leaves, shoots, or fruit surfaces.",Fungal growth is favored by humid conditions and poor airflow.,Remove heavily affected tissue and apply a suitable fungicide.,"Provide good spacing, airflow, and balanced irrigation.",Root,High,High humidity
934,Cucumber,Angular Leaf Spot,Brown or dark lesions appear on leaves and may spread to nearby tissue.,Infection can develop when moisture and temperature conditions favor the pathogen.,Prune infected parts where appropriate and apply a suitable registered treatment.,"Improve ventilation, avoid unnecessary leaf wetness, and remove fallen debris.",Stem,Low,Warm and humid
935,Mango,Anthracnose,"Dark sunken spots develop on leaves, stems, or fruit and may enlarge over time.",Fungal infection commonly spreads in warm and wet conditions.,Remove infected material and use an appropriate fungicide.,Use clean planting material and reduce moisture on plant surfaces.,Root,High,Warm and humid
936,Rice,Brown Spot,"Yellowing leaves, small spots, and gradual leaf decline are observed.",The disease is associated with a plant pathogen and favorable environmental conditions.,Remove affected material and follow locally recommended disease-control practices.,"Use sanitation, proper spacing, clean planting material, and regular monitoring.",Stem,Moderate,Poor airflow
937,Tomato,Early Blight,Dark brown circular lesions with concentric rings appear on older leaves.,"Fungal infection favored by warm, humid conditions.",Remove affected leaves and apply an appropriate fungicide.,"Maintain plant spacing, avoid overhead irrigation, and remove crop debris.",Root,Moderate,Poor airflow
938,Orange,Citrus Canker,"Yellowing leaves, small spots, and gradual leaf decline are observed.",The disease is associated with a plant pathogen and favorable environmental conditions.,Remove affected material and follow locally recommended disease-control practices.,"Use sanitation, proper spacing, clean planting material, and regular monitoring.",Leaf,Severe,Excess moisture
939,Strawberry,Angular Leaf Spot,Brown or dark lesions appear on leaves and may spread to nearby tissue.,Infection can develop when moisture and temperature conditions favor the pathogen.,Prune infected parts where appropriate and apply a suitable registered treatment.,"Improve ventilation, avoid unnecessary leaf wetness, and remove fallen debris.",Stem,High,Cool and wet
940,Potato,Viral Leaf Curl,"Affected fruit or leaves show discoloration, spots, and reduced quality.","The condition may be caused by a fungal, bacterial, or viral pathogen.",Separate infected material and use disease-specific management recommended for the crop.,Start with healthy planting material and maintain field hygiene.,Stem,Low,Poor airflow
941,Guava,Wilt,Brown or dark lesions appear on leaves and may spread to nearby tissue.,Infection can develop when moisture and temperature conditions favor the pathogen.,Prune infected parts where appropriate and apply a suitable registered treatment.,"Improve ventilation, avoid unnecessary leaf wetness, and remove fallen debris.",Fruit,Low,Warm and humid
942,Orange,Tristeza,Brown or dark lesions appear on leaves and may spread to nearby tissue.,Infection can develop when moisture and temperature conditions favor the pathogen.,Prune infected parts where appropriate and apply a suitable registered treatment.,"Improve ventilation, avoid unnecessary leaf wetness, and remove fallen debris.",Fruit,Low,High humidity
943,Wheat,Leaf Rust,Brown or dark lesions appear on leaves and may spread to nearby tissue.,Infection can develop when moisture and temperature conditions favor the pathogen.,Prune infected parts where appropriate and apply a suitable registered treatment.,"Improve ventilation, avoid unnecessary leaf wetness, and remove fallen debris.",Leaf,Moderate,Warm and humid
944,Wheat,Powdery Mildew,"White powdery growth develops on leaves, shoots, or fruit surfaces.",Fungal growth is favored by humid conditions and poor airflow.,Remove heavily affected tissue and apply a suitable fungicide.,"Provide good spacing, airflow, and balanced irrigation.",Stem,Moderate,Warm and humid
945,Orange,Greasy Spot,Brown or dark lesions appear on leaves and may spread to nearby tissue.,Infection can develop when moisture and temperature conditions favor the pathogen.,Prune infected parts where appropriate and apply a suitable registered treatment.,"Improve ventilation, avoid unnecessary leaf wetness, and remove fallen debris.",Leaf and Fruit,Low,High humidity
946,Potato,Early Blight,Dark brown circular lesions with concentric rings appear on older leaves.,"Fungal infection favored by warm, humid conditions.",Remove affected leaves and apply an appropriate fungicide.,"Maintain plant spacing, avoid overhead irrigation, and remove crop debris.",Fruit,High,Excess moisture
947,Grape,Downy Mildew,Brown or dark lesions appear on leaves and may spread to nearby tissue.,Infection can develop when moisture and temperature conditions favor the pathogen.,Prune infected parts where appropriate and apply a suitable registered treatment.,"Improve ventilation, avoid unnecessary leaf wetness, and remove fallen debris.",Stem,Moderate,Excess moisture
948,Banana,Anthracnose,"Dark sunken spots develop on leaves, stems, or fruit and may enlarge over time.",Fungal infection commonly spreads in warm and wet conditions.,Remove infected material and use an appropriate fungicide.,Use clean planting material and reduce moisture on plant surfaces.,Leaf,Moderate,Poor airflow
949,Banana,Black Sigatoka,Brown or dark lesions appear on leaves and may spread to nearby tissue.,Infection can develop when moisture and temperature conditions favor the pathogen.,Prune infected parts where appropriate and apply a suitable registered treatment.,"Improve ventilation, avoid unnecessary leaf wetness, and remove fallen debris.",Root,Low,Poor airflow
950,Rice,Sheath Blight,"Affected fruit or leaves show discoloration, spots, and reduced quality.","The condition may be caused by a fungal, bacterial, or viral pathogen.",Separate infected material and use disease-specific management recommended for the crop.,Start with healthy planting material and maintain field hygiene.,Fruit,Severe,Excess moisture
951,Peach,Crown Gall,Brown or dark lesions appear on leaves and may spread to nearby tissue.,Infection can develop when moisture and temperature conditions favor the pathogen.,Prune infected parts where appropriate and apply a suitable registered treatment.,"Improve ventilation, avoid unnecessary leaf wetness, and remove fallen debris.",Root,High,High humidity
952,Maize,Ear Rot,"Yellowing leaves, small spots, and gradual leaf decline are observed.",The disease is associated with a plant pathogen and favorable environmental conditions.,Remove affected material and follow locally recommended disease-control practices.,"Use sanitation, proper spacing, clean planting material, and regular monitoring.",Leaf and Fruit,Low,Cool and wet
953,Bell Pepper,Powdery Mildew,"White powdery growth develops on leaves, shoots, or fruit surfaces.",Fungal growth is favored by humid conditions and poor airflow.,Remove heavily affected tissue and apply a suitable fungicide.,"Provide good spacing, airflow, and balanced irrigation.",Leaf and Fruit,High,High humidity
954,Bell Pepper,Bacterial Spot,"Affected fruit or leaves show discoloration, spots, and reduced quality.","The condition may be caused by a fungal, bacterial, or viral pathogen.",Separate infected material and use disease-specific management recommended for the crop.,Start with healthy planting material and maintain field hygiene.,Fruit,Severe,Warm and humid
955,Maize,Gray Leaf Spot,"Affected fruit or leaves show discoloration, spots, and reduced quality.","The condition may be caused by a fungal, bacterial, or viral pathogen.",Separate infected material and use disease-specific management recommended for the crop.,Start with healthy planting material and maintain field hygiene.,Stem,Moderate,Warm and humid
956,Rice,Brown Spot,"Yellowing leaves, small spots, and gradual leaf decline are observed.",The disease is associated with a plant pathogen and favorable environmental conditions.,Remove affected material and follow locally recommended disease-control practices.,"Use sanitation, proper spacing, clean planting material, and regular monitoring.",Leaf and Fruit,Severe,Cool and wet
957,Maize,Gray Leaf Spot,Brown or dark lesions appear on leaves and may spread to nearby tissue.,Infection can develop when moisture and temperature conditions favor the pathogen.,Prune infected parts where appropriate and apply a suitable registered treatment.,"Improve ventilation, avoid unnecessary leaf wetness, and remove fallen debris.",Stem,Severe,Warm and humid
958,Grape,Botrytis Bunch Rot,"Affected fruit or leaves show discoloration, spots, and reduced quality.","The condition may be caused by a fungal, bacterial, or viral pathogen.",Separate infected material and use disease-specific management recommended for the crop.,Start with healthy planting material and maintain field hygiene.,Leaf,Low,Cool and wet
959,Peach,Leaf Curl,"Yellowing leaves, small spots, and gradual leaf decline are observed.",The disease is associated with a plant pathogen and favorable environmental conditions.,Remove affected material and follow locally recommended disease-control practices.,"Use sanitation, proper spacing, clean planting material, and regular monitoring.",Root,Low,Cool and wet
960,Grape,Black Rot,"Affected fruit or leaves show discoloration, spots, and reduced quality.","The condition may be caused by a fungal, bacterial, or viral pathogen.",Separate infected material and use disease-specific management recommended for the crop.,Start with healthy planting material and maintain field hygiene.,Root,Severe,Excess moisture
961,Maize,Ear Rot,Brown or dark lesions appear on leaves and may spread to nearby tissue.,Infection can develop when moisture and temperature conditions favor the pathogen.,Prune infected parts where appropriate and apply a suitable registered treatment.,"Improve ventilation, avoid unnecessary leaf wetness, and remove fallen debris.",Stem,Low,Cool and wet
962,Maize,Northern Leaf Blight,"Yellowing leaves, small spots, and gradual leaf decline are observed.",The disease is associated with a plant pathogen and favorable environmental conditions.,Remove affected material and follow locally recommended disease-control practices.,"Use sanitation, proper spacing, clean planting material, and regular monitoring.",Root,Moderate,Warm and humid
963,Bell Pepper,Bacterial Spot,Brown or dark lesions appear on leaves and may spread to nearby tissue.,Infection can develop when moisture and temperature conditions favor the pathogen.,Prune infected parts where appropriate and apply a suitable registered treatment.,"Improve ventilation, avoid unnecessary leaf wetness, and remove fallen debris.",Stem,Severe,Warm and humid
964,Maize,Gray Leaf Spot,"Affected fruit or leaves show discoloration, spots, and reduced quality.","The condition may be caused by a fungal, bacterial, or viral pathogen.",Separate infected material and use disease-specific management recommended for the crop.,Start with healthy planting material and maintain field hygiene.,Leaf,Low,High humidity
965,Apple,Black Rot,"Affected fruit or leaves show discoloration, spots, and reduced quality.","The condition may be caused by a fungal, bacterial, or viral pathogen.",Separate infected material and use disease-specific management recommended for the crop.,Start with healthy planting material and maintain field hygiene.,Leaf,Low,Cool and wet
966,Rice,Brown Spot,"Yellowing leaves, small spots, and gradual leaf decline are observed.",The disease is associated with a plant pathogen and favorable environmental conditions.,Remove affected material and follow locally recommended disease-control practices.,"Use sanitation, proper spacing, clean planting material, and regular monitoring.",Leaf and Fruit,Moderate,Cool and wet
967,Wheat,Stem Rust,"Affected fruit or leaves show discoloration, spots, and reduced quality.","The condition may be caused by a fungal, bacterial, or viral pathogen.",Separate infected material and use disease-specific management recommended for the crop.,Start with healthy planting material and maintain field hygiene.,Leaf,Severe,Excess moisture
968,Banana,Anthracnose,"Dark sunken spots develop on leaves, stems, or fruit and may enlarge over time.",Fungal infection commonly spreads in warm and wet conditions.,Remove infected material and use an appropriate fungicide.,Use clean planting material and reduce moisture on plant surfaces.,Leaf,Severe,Cool and wet
969,Peach,Crown Gall,Brown or dark lesions appear on leaves and may spread to nearby tissue.,Infection can develop when moisture and temperature conditions favor the pathogen.,Prune infected parts where appropriate and apply a suitable registered treatment.,"Improve ventilation, avoid unnecessary leaf wetness, and remove fallen debris.",Fruit,High,Excess moisture
970,Maize,Downy Mildew,Brown or dark lesions appear on leaves and may spread to nearby tissue.,Infection can develop when moisture and temperature conditions favor the pathogen.,Prune infected parts where appropriate and apply a suitable registered treatment.,"Improve ventilation, avoid unnecessary leaf wetness, and remove fallen debris.",Leaf and Fruit,High,High humidity
971,Banana,Anthracnose,"Dark sunken spots develop on leaves, stems, or fruit and may enlarge over time.",Fungal infection commonly spreads in warm and wet conditions.,Remove infected material and use an appropriate fungicide.,Use clean planting material and reduce moisture on plant surfaces.,Stem,Severe,Excess moisture
972,Orange,Sooty Mold,"Affected fruit or leaves show discoloration, spots, and reduced quality.","The condition may be caused by a fungal, bacterial, or viral pathogen.",Separate infected material and use disease-specific management recommended for the crop.,Start with healthy planting material and maintain field hygiene.,Root,Moderate,Excess moisture
973,Lemon,Sooty Mold,Brown or dark lesions appear on leaves and may spread to nearby tissue.,Infection can develop when moisture and temperature conditions favor the pathogen.,Prune infected parts where appropriate and apply a suitable registered treatment.,"Improve ventilation, avoid unnecessary leaf wetness, and remove fallen debris.",Root,Severe,Warm and humid
974,Potato,Bacterial Wilt,"Affected fruit or leaves show discoloration, spots, and reduced quality.","The condition may be caused by a fungal, bacterial, or viral pathogen.",Separate infected material and use disease-specific management recommended for the crop.,Start with healthy planting material and maintain field hygiene.,Leaf and Fruit,Low,Cool and wet
975,Guava,Anthracnose,"Dark sunken spots develop on leaves, stems, or fruit and may enlarge over time.",Fungal infection commonly spreads in warm and wet conditions.,Remove infected material and use an appropriate fungicide.,Use clean planting material and reduce moisture on plant surfaces.,Fruit,High,Cool and wet
976,Papaya,Papaya Ringspot,"Affected fruit or leaves show discoloration, spots, and reduced quality.","The condition may be caused by a fungal, bacterial, or viral pathogen.",Separate infected material and use disease-specific management recommended for the crop.,Start with healthy planting material and maintain field hygiene.,Leaf and Fruit,High,Excess moisture
977,Rice,Tungro,"Affected fruit or leaves show discoloration, spots, and reduced quality.","The condition may be caused by a fungal, bacterial, or viral pathogen.",Separate infected material and use disease-specific management recommended for the crop.,Start with healthy planting material and maintain field hygiene.,Leaf,Moderate,Warm and humid
978,Bell Pepper,Powdery Mildew,"White powdery growth develops on leaves, shoots, or fruit surfaces.",Fungal growth is favored by humid conditions and poor airflow.,Remove heavily affected tissue and apply a suitable fungicide.,"Provide good spacing, airflow, and balanced irrigation.",Fruit,Moderate,High humidity
979,Banana,Bunchy Top,"Yellowing leaves, small spots, and gradual leaf decline are observed.",The disease is associated with a plant pathogen and favorable environmental conditions.,Remove affected material and follow locally recommended disease-control practices.,"Use sanitation, proper spacing, clean planting material, and regular monitoring.",Stem,Moderate,High humidity
980,Apple,Fire Blight,Brown or dark lesions appear on leaves and may spread to nearby tissue.,Infection can develop when moisture and temperature conditions favor the pathogen.,Prune infected parts where appropriate and apply a suitable registered treatment.,"Improve ventilation, avoid unnecessary leaf wetness, and remove fallen debris.",Leaf,Moderate,High humidity
981,Cucumber,Powdery Mildew,"White powdery growth develops on leaves, shoots, or fruit surfaces.",Fungal growth is favored by humid conditions and poor airflow.,Remove heavily affected tissue and apply a suitable fungicide.,"Provide good spacing, airflow, and balanced irrigation.",Leaf and Fruit,Severe,Warm and humid
982,Maize,Gray Leaf Spot,"Yellowing leaves, small spots, and gradual leaf decline are observed.",The disease is associated with a plant pathogen and favorable environmental conditions.,Remove affected material and follow locally recommended disease-control practices.,"Use sanitation, proper spacing, clean planting material, and regular monitoring.",Leaf,Severe,Warm and humid
983,Papaya,Anthracnose,"Dark sunken spots develop on leaves, stems, or fruit and may enlarge over time.",Fungal infection commonly spreads in warm and wet conditions.,Remove infected material and use an appropriate fungicide.,Use clean planting material and reduce moisture on plant surfaces.,Root,Severe,Warm and humid
984,Orange,Sooty Mold,"Yellowing leaves, small spots, and gradual leaf decline are observed.",The disease is associated with a plant pathogen and favorable environmental conditions.,Remove affected material and follow locally recommended disease-control practices.,"Use sanitation, proper spacing, clean planting material, and regular monitoring.",Leaf,Severe,High humidity
985,Watermelon,Anthracnose,"Dark sunken spots develop on leaves, stems, or fruit and may enlarge over time.",Fungal infection commonly spreads in warm and wet conditions.,Remove infected material and use an appropriate fungicide.,Use clean planting material and reduce moisture on plant surfaces.,Leaf and Fruit,High,Excess moisture
986,Mango,Bacterial Black Spot,"Affected fruit or leaves show discoloration, spots, and reduced quality.","The condition may be caused by a fungal, bacterial, or viral pathogen.",Separate infected material and use disease-specific management recommended for the crop.,Start with healthy planting material and maintain field hygiene.,Fruit,Moderate,Warm and humid
987,Pomegranate,Anthracnose,"Dark sunken spots develop on leaves, stems, or fruit and may enlarge over time.",Fungal infection commonly spreads in warm and wet conditions.,Remove infected material and use an appropriate fungicide.,Use clean planting material and reduce moisture on plant surfaces.,Fruit,Low,Poor airflow
988,Guava,Algal Leaf Spot,"Yellowing leaves, small spots, and gradual leaf decline are observed.",The disease is associated with a plant pathogen and favorable environmental conditions.,Remove affected material and follow locally recommended disease-control practices.,"Use sanitation, proper spacing, clean planting material, and regular monitoring.",Stem,Moderate,Warm and humid
989,Cucumber,Fusarium Wilt,"Affected fruit or leaves show discoloration, spots, and reduced quality.","The condition may be caused by a fungal, bacterial, or viral pathogen.",Separate infected material and use disease-specific management recommended for the crop.,Start with healthy planting material and maintain field hygiene.,Leaf and Fruit,Low,Poor airflow
990,Lemon,Citrus Canker,Brown or dark lesions appear on leaves and may spread to nearby tissue.,Infection can develop when moisture and temperature conditions favor the pathogen.,Prune infected parts where appropriate and apply a suitable registered treatment.,"Improve ventilation, avoid unnecessary leaf wetness, and remove fallen debris.",Fruit,Severe,Cool and wet
991,Cucumber,Fusarium Wilt,"Yellowing leaves, small spots, and gradual leaf decline are observed.",The disease is associated with a plant pathogen and favorable environmental conditions.,Remove affected material and follow locally recommended disease-control practices.,"Use sanitation, proper spacing, clean planting material, and regular monitoring.",Root,Severe,Excess moisture
992,Strawberry,Anthracnose,"Dark sunken spots develop on leaves, stems, or fruit and may enlarge over time.",Fungal infection commonly spreads in warm and wet conditions.,Remove infected material and use an appropriate fungicide.,Use clean planting material and reduce moisture on plant surfaces.,Fruit,Moderate,Warm and humid
993,Lemon,Anthracnose,"Dark sunken spots develop on leaves, stems, or fruit and may enlarge over time.",Fungal infection commonly spreads in warm and wet conditions.,Remove infected material and use an appropriate fungicide.,Use clean planting material and reduce moisture on plant surfaces.,Leaf and Fruit,High,Warm and humid
994,Grape,Anthracnose,"Dark sunken spots develop on leaves, stems, or fruit and may enlarge over time.",Fungal infection commonly spreads in warm and wet conditions.,Remove infected material and use an appropriate fungicide.,Use clean planting material and reduce moisture on plant surfaces.,Stem,Severe,High humidity
995,Strawberry,Leaf Scorch,Brown or dark lesions appear on leaves and may spread to nearby tissue.,Infection can develop when moisture and temperature conditions favor the pathogen.,Prune infected parts where appropriate and apply a suitable registered treatment.,"Improve ventilation, avoid unnecessary leaf wetness, and remove fallen debris.",Stem,Low,Cool and wet
996,Banana,Bunchy Top,Brown or dark lesions appear on leaves and may spread to nearby tissue.,Infection can develop when moisture and temperature conditions favor the pathogen.,Prune infected parts where appropriate and apply a suitable registered treatment.,"Improve ventilation, avoid unnecessary leaf wetness, and remove fallen debris.",Root,Moderate,Warm and humid
997,Orange,Greasy Spot,"Affected fruit or leaves show discoloration, spots, and reduced quality.","The condition may be caused by a fungal, bacterial, or viral pathogen.",Separate infected material and use disease-specific management recommended for the crop.,Start with healthy planting material and maintain field hygiene.,Fruit,High,Warm and humid
998,Grape,Black Rot,"Yellowing leaves, small spots, and gradual leaf decline are observed.",The disease is associated with a plant pathogen and favorable environmental conditions.,Remove affected material and follow locally recommended disease-control practices.,"Use sanitation, proper spacing, clean planting material, and regular monitoring.",Stem,Moderate,Warm and humid
999,Papaya,Papaya Ringspot,Brown or dark lesions appear on leaves and may spread to nearby tissue.,Infection can develop when moisture and temperature conditions favor the pathogen.,Prune infected parts where appropriate and apply a suitable registered treatment.,"Improve ventilation, avoid unnecessary leaf wetness, and remove fallen debris.",Root,Severe,Warm and humid
1000,Papaya,Powdery Mildew,"White powdery growth develops on leaves, shoots, or fruit surfaces.",Fungal growth is favored by humid conditions and poor airflow.,Remove heavily affected tissue and apply a suitable fungicide.,"Provide good spacing, airflow, and balanced irrigation.",Fruit,Moderate,Excess moisture
